yb_1,er_1,yb_2,er_2,radius,UV,VIS,BLUE,GREEN,RED,TOTAL,ABSORPTION,qe
0,0,0.000605,0.022689,25.868183,0,0,0,0,0,0,55.993643,0
0,0,0.003761,0.448441,16.14716,0,31.249488,0,18.749654,12.499834,31.249488,274.996538,7.10E-05
0,0,0.006742,0.739069,32.400196,0,0,0,0,0,0,18.744064,0
0,0,0.008852,0.007684,27.06995,0,0,0,0,0,0,324.796671,0
0,0,0.010719,0.051846,17.191846,0,0,0,0,0,0,743.651654,0
0,0,0.013336,0.046653,5.260662,0,137.487869,0,93.739044,43.748825,168.732006,1493.594441,0.001399
0,0,0.017858,0.09207,32.95575,0,0,0,0,0,0,49.937988,0
0,0,0.026575,0.015314,31.438896,0,0,0,0,0,0,218.460532,0
0,0,0.033637,0.011516,7.593332,6.24986,81.247393,0,37.498874,43.748519,106.246749,5606.061833,0.000569
0,0,0.044137,0.088696,21.203747,0,6.248788,0,6.248788,0,6.248788,1418.648515,2.30E-05
0,0,0.045196,0.23931,16.478194,0,12.499953,0,6.249974,6.249979,12.499953,931.209623,2.80E-05
0,0,0.046891,0.160963,26.71347,0,0,0,0,0,0,412.402515,0
0,0,0.051806,0.196723,31.187588,0,0,0,0,0,0,212.454761,0
0,0,0.061592,0.186134,28.824297,0,0,0,0,0,0,474.900161,0
0,0,0.075894,0.110067,25.581341,0,0,0,0,0,6.249662,1243.730326,1.80E-05
0,0,0.079161,0.054211,20.297447,0,24.999569,0,18.749726,6.249843,31.24944,3293.699074,7.50E-05
0,0,0.079747,0.033728,29.24665,0,0,0,0,0,0,987.422024,0
0,0,0.102666,0.893457,19.71165,0,31.249507,0,12.499838,18.74967,37.49938,581.2458,3.00E-05
0,0,0.109984,0.346793,16.685874,0,12.499857,0,6.249897,6.249961,18.749812,1537.492219,2.10E-05
0,0,0.120573,0.855081,9.778718,12.49998,156.24971,0,93.749864,62.499846,193.749605,1618.746194,0.000123
0,0,0.143145,0.300503,23.346718,0,0,0,0,0,0,924.991843,0
0,0,0.146018,0.045821,6.415865,149.999658,624.99841,37.499877,318.749202,249.999384,899.997766,9606.224871,0.000996
0,0,0.147356,0.16279,8.790444,68.749841,493.74795,31.249897,181.249085,268.748988,599.997685,4162.482361,0.000574
0,0,0.154832,0.798582,15.849799,0,49.999783,0,6.249992,43.749792,62.499761,1356.245531,3.90E-05
0,0,0.171625,0.543882,13.451353,12.499959,106.249539,6.249997,49.999852,49.999689,174.999289,1674.992755,0.000116
0,0,0.187773,0.658503,10.34382,18.749862,249.998933,18.749866,106.249594,124.999473,324.998689,2199.992826,0.000183
0,0,0.230154,0.652969,5.526153,24.999902,299.999063,6.249995,112.49965,174.999466,374.998805,2849.990645,0.00018
0,0,0.268997,0.246067,16.632197,6.249985,131.249697,6.249982,74.999823,49.999892,193.749543,3793.740897,0.000116
0,0,0.28137,0.049365,28.38539,0,0,0,0,0,0,2681.226123,0
0,0,0.291945,0.245754,20.996771,0,56.249776,0,49.999805,6.24997,74.999715,3224.991167,4.70E-05
0,0,0.297006,0.15572,12.137875,31.249926,462.498973,31.249937,274.999332,149.999721,612.498669,7087.485042,0.000326
0,0,0.319661,0.584353,16.09441,18.749972,187.49964,18.749972,87.499839,74.999839,224.999586,2968.744507,9.80E-05
0,0,0.393553,0.102354,11.825334,93.749891,593.749597,49.999963,306.249818,237.499817,743.749431,10837.49175,0.000312
0,0,0.410182,0.025881,28.212337,6.249955,6.249955,0,0,0,6.249955,3737.487457,6.00E-06
0,0,0.444908,0.016614,9.487477,56.249969,218.749757,24.999954,131.249837,49.999973,312.499691,21512.48221,0.00012
0,0,0.541362,0.319373,9.888751,56.24997,518.749753,31.249974,243.749894,237.49989,706.249657,7918.745936,0.0002
0,0,0.556766,0.272791,19.856497,12.49998,87.499833,18.749942,43.749929,24.999961,149.999707,5924.989423,5.10E-05
0,0,0.625724,0.06942,21.141263,0,81.249931,18.749974,49.999963,12.499994,93.749902,11506.24068,3.10E-05
0,0,0.653401,0.034599,30.798744,0,0,0,0,0,0,2574.979659,0
0,0,0.659883,0.173454,27.811263,0,0,0,0,0,0,3324.993425,0
0,0,0.700377,0.258501,31.379333,0,0,0,0,0,0,1243.744531,0
0,0,0.835316,0.123814,9.934037,87.499982,649.999821,43.749991,293.749915,299.999918,843.749779,19481.2444,0.000167
0.00068,0.018589,0.379789,0.414459,8.370268,37.499956,506.24957,24.99996,218.749816,256.249794,618.749446,5306.245282,0.000228
0.000987,0.000471,0.142209,0.590874,16.28296,0,37.499888,0,31.24993,6.249957,68.749835,1437.494632,5.20E-05
0.001068,0.156604,0.394039,0.217919,21.641522,6.249998,174.999276,18.749908,99.999626,49.999744,199.999184,4031.235044,9.90E-05
0.001242,0.00224,0.079401,0.183428,10.514784,24.999803,212.49842,12.499929,93.749368,106.249123,281.247686,2137.481844,0.000434
0.0014,0.000238,0.053582,0.648654,23.014412,0,0,0,0,0,0,387.493205,0
0.001909,0.628199,0.257563,0.191627,31.160403,6.249944,124.999177,0,24.999854,99.999323,137.499066,1037.492767,0.000145
0.002018,0.000325,0.020405,0.034865,21.790348,0,0,0,0,0,0,1605.893937,0
0.00244,0.012202,0.023857,0.000888,25.505425,0,18.747126,0,12.498008,6.249119,18.747126,1699.727529,0.000211
0.002805,0.332835,0.370923,0.519022,6.759071,43.749929,493.749177,43.74986,174.999747,274.999571,718.748825,5156.242264,0.000258
0.003207,0.000191,0.00112,0.000226,29.490776,0,0,0,0,0,0,1034.055082,0
0.003424,0.549458,0,0,31.377149,0,106.24913,6.249879,37.499739,62.499511,124.998988,762.494309,0.000281
0.003525,0.03872,0.204639,0.521503,6.845721,18.749973,381.248401,24.999807,156.249374,193.749229,456.24814,2906.237602,0.000257
0.00403,0.77272,0.23057,0.102794,30.22401,6.24996,99.999351,0,24.99986,68.749531,99.999351,1418.740883,9.60E-05
0.004362,0.010387,0.205033,0.048602,19.828599,0,93.749763,12.499991,62.499834,18.749938,118.749716,6906.228699,0.000115
0.004885,0.489564,0.148851,0.319067,21.595102,24.999872,218.749226,6.249996,87.499633,112.499602,256.24893,1793.742941,0.000241
0.005029,0.001575,0.673986,0.14966,6.622116,112.499967,749.999578,106.249918,312.499827,312.499839,956.249497,15731.24097,0.000227
0.005327,0.010629,0.45291,0.051872,24.575995,0,43.74992,0,31.249942,12.499977,43.74992,6374.98899,2.40E-05
0.005501,0.420132,0.414725,0.295441,28.714442,6.249993,124.999675,0,49.999851,74.999824,137.499664,1668.744332,9.70E-05
0.005516,0.824063,0.001168,0.162206,10.361129,31.249615,224.996302,6.249967,37.499741,168.746783,249.995869,524.987606,0.001317
0.008886,0.499677,0.410313,0.019578,7.594744,224.999882,1168.749343,93.749941,399.999785,649.99963,1556.249142,20474.98773,0.00064
0.009427,0.146732,0.442525,0.556801,20.68014,0,112.499751,24.999934,62.499878,24.999939,137.499726,2874.994925,5.20E-05
0.009612,0.04299,0.147578,0.368794,9.289971,6.24997,337.498886,18.749938,106.249646,206.249331,368.748743,2606.239345,0.000292
0.009668,0.580205,0.171432,0.548317,27.747385,0,124.999502,6.24999,31.24988,87.499631,162.499428,1199.995936,0.000146
0.011845,0.044907,0.04687,0.074661,25.770759,0,62.49764,0,56.248044,6.249595,87.49436,1993.628201,0.000349
0.01211,0.10774,0.389689,0.107622,13.069103,56.249938,568.749407,56.249921,287.499719,218.749768,724.999286,9774.989115,0.000313
0.012321,0.035516,0.010129,0.83938,7.605343,0,81.249593,6.25,37.499825,37.499768,81.249593,756.244743,8.90E-05
0.013161,0.18923,0.444386,0.443239,18.179414,0,181.249575,12.499977,99.999769,68.749829,231.249381,4174.990994,8.40E-05
0.013249,0.077323,0.316762,0.605136,21.890181,6.249991,37.499972,6.249998,18.749986,6.249998,68.749923,1731.246319,3.50E-05
0.013389,0.302603,0.307316,0.092284,19.253385,24.999936,556.248429,12.499957,162.499674,368.748853,674.998135,7056.231942,0.0004
0.014409,0.183963,0.316474,0.215099,30.442924,12.499675,156.24828,6.249961,62.499369,87.498949,218.747596,1556.22989,0.000262
0.014411,0.022458,0,0,30.516777,6.249878,87.489326,0,62.491638,24.997688,106.239047,2424.548853,0.001572
0.01495,0.030207,0.777529,0.081332,32.717689,12.499816,74.999299,0,43.7495,31.249799,131.248361,2568.718363,0.000181
0.015731,0.458663,0.143746,0.75568,26.479143,6.249825,149.999245,6.24999,62.499626,81.249629,168.748935,1056.243142,0.000144
0.016309,0.034378,0.480287,0.031446,23.467997,12.499992,93.749915,6.249993,31.249978,56.249945,106.249908,9612.491907,5.20E-05
0.016636,0.014339,0.025412,0.931724,14.423138,0,31.249849,0,6.249998,24.999851,37.499724,824.995952,3.60E-05
0.017758,0.023619,0.262362,0.434744,7.97333,18.749964,481.249092,24.999941,168.749644,281.249513,562.498989,3793.743464,0.000277
0.018668,0.486779,0.595712,0.284817,28.058152,0,193.749587,6.249984,31.249953,156.24965,206.249557,2681.243822,9.80E-05
0.019629,0.032336,0.28883,0.399331,15.536113,0,224.99957,18.74997,112.499773,93.749827,293.749463,3506.243531,0.000148
0.020476,0.006619,0.492566,0.351282,10.089049,62.499949,487.499533,18.749981,243.74977,206.249808,681.249374,7324.993438,0.000207
0.02089,0.334081,0.09898,0.406936,30.581495,0,131.247036,12.499933,18.749782,99.997321,149.996288,1112.464783,0.00024
0.021096,0.01627,0.024572,0.260918,31.774169,0,81.241239,0,43.74683,37.49441,93.741198,3168.468091,0.000492
0.0217,0.160411,0.162326,0.564865,9.702441,6.249996,199.999392,18.74997,99.999615,81.249807,268.749096,2193.741872,0.000174
0.021987,0.06303,0.077558,0.095127,31.309825,0,131.245508,6.24998,74.996603,49.998925,181.244638,2431.160633,0.000651
0.022471,0.023803,0.007106,0.213214,30.394249,6.249936,49.998608,0,37.498643,12.499964,74.993225,2805.894005,0.000416
0.02376,0.544801,0.122437,0.347102,17.647921,12.499776,387.498189,6.249952,87.499651,293.748586,474.997581,2112.48709,0.000453
0.023962,0.719577,0.793442,0.159203,5.840468,112.499967,856.249751,93.749967,256.249915,481.249875,1068.74969,17899.99443,0.000216
0.024247,0.103477,0.147514,0.000522,27.708243,0,162.499068,0,87.499483,74.999585,193.748696,3262.476819,0.000352
0.024988,0.019381,0.017804,0.354517,16.427345,6.249864,37.499549,0,12.499829,18.749856,37.499549,618.741568,8.60E-05
0.025113,0.263134,0.035413,0.053724,14.883697,24.999477,599.988474,6.249915,231.245308,356.243324,668.736897,2581.205125,0.002469
0.025143,0.029811,0.421967,0.121848,22.62892,6.249984,93.749827,18.749956,49.999901,24.99997,143.749738,5612.488614,7.30E-05
0.025564,0.628025,0.432112,0.05008,6.180579,206.249856,1068.74929,62.49996,399.999733,562.499636,1349.999102,17193.73713,0.000514
0.026828,0.063206,0.251144,0.040857,17.364889,62.499796,318.748971,24.999936,168.749488,124.999547,443.748631,10493.71494,0.000322
0.028109,0.033802,0.013331,0.002224,8.315308,6.249983,168.738579,6.249913,68.744407,93.744259,224.985751,3655.858994,0.003439
0.029829,0.16877,0.14312,0.827279,28.382309,12.499978,193.747766,0,87.49883,106.248935,231.247367,981.239928,0.000248
0.030243,0.810744,0.012164,0.002394,12.445357,93.748909,862.482293,12.499993,174.996213,643.736445,1018.729565,2324.951166,0.009226
0.030881,0.278443,0.053173,0.220888,23.921816,0,181.24618,6.249812,74.998119,99.998249,206.245299,1231.228277,0.000398
0.031112,0.026549,0.505403,0.186246,16.033711,12.499983,356.24963,56.249938,181.249823,112.499872,449.999538,9162.491462,0.000151
0.032696,0.153865,0.08277,0.743234,17.489452,0,99.999647,12.499962,43.749841,43.749845,112.499629,1093.745887,9.70E-05
0.032759,0.139791,0.173078,0.111293,18.026271,37.499864,393.749152,12.499938,174.999665,206.249549,531.248777,5362.485478,0.00051
0.032926,0.105316,0.231296,0.578947,28.074036,6.249961,249.99776,6.249999,118.749175,124.998586,268.747427,1518.730741,0.000252
0.033463,0.42293,0,0,11.281153,37.498102,456.209591,12.499699,81.242266,362.467625,562.449056,249.979745,0.023931
0.033522,0.017686,0.005794,0.848772,16.182166,0,31.249838,0,24.999889,6.249948,49.999667,693.743793,6.00E-05
0.035115,0.026459,0.526371,0.030182,22.230754,6.249996,149.999849,18.749988,99.9999,24.999965,168.749839,11293.73812,7.20E-05
0.035915,0.064826,0.13731,0.023956,15.320736,62.499813,506.247975,37.4999,306.248792,156.249364,649.997483,9781.211564,0.000833
0.036108,0.428321,0.148463,0.343086,21.03827,6.249991,293.748667,0,118.749404,168.749272,331.248528,1912.486588,0.000293
0.03645,0.354849,0.224986,0.008177,9.774046,293.749793,1393.748842,62.499954,456.24956,799.999388,1818.748524,15774.98701,0.0014
0.036766,0.061413,0.563575,0.044649,7.058119,118.749974,637.499836,31.249989,299.999933,262.499927,787.4998,20393.74484,0.000233
0.038193,0.034719,0.175456,0.212488,15.751175,12.499895,149.999232,18.749938,93.749503,37.499791,224.998868,3543.731533,0.000189
0.039086,0.503343,0.91426,0.077094,23.813399,68.749982,949.999588,43.749986,281.249882,612.499722,1149.999494,12337.4934,0.000287
0.03937,0.821759,0.002878,6.30E-05,9.378491,24.999252,506.23214,24.99942,99.996758,374.986084,574.979717,868.723226,0.015635
0.039767,0.594149,0.282267,0.141217,10.783282,112.499806,931.248306,68.749914,337.499346,506.249063,1137.497912,7749.986564,0.000625
0.041153,0.525435,0.231153,0.074132,22.730884,31.249916,887.498152,31.249927,218.749657,624.998593,1037.497791,4987.489851,0.000813
0.041204,0.004056,0.105114,0.045371,27.068267,0,37.49969,0,12.499776,24.999914,56.249566,6512.440877,0.000127
0.041324,0.038589,0.024472,0.045464,7.751305,0,162.486126,0,81.244112,81.242015,206.232656,2568.536184,0.001115
0.04287,0.082678,0.73044,0.040679,26.508337,12.499978,274.999712,6.249986,162.499842,106.249884,331.249653,8562.491121,0.000127
0.043899,0.365627,0.439139,0.543425,30.363468,6.249969,149.997942,6.25,37.499252,106.24869,187.496956,1674.986321,0.000131
0.045278,0.459199,0.354346,0.511898,14.677938,18.749985,312.499652,12.499998,143.749851,156.249803,443.749532,3931.245579,0.000174
0.045952,0.443971,0.321049,0.573003,20.524439,0,181.249588,6.249984,62.499834,112.499771,206.249382,2762.492688,9.40E-05
0.046868,0.026908,0.162152,0.252584,5.780337,56.249767,568.748608,24.999929,231.24949,287.49932,737.498282,3793.74155,0.000594
0.047226,0.173751,0.058276,0.480893,7.424379,6.24997,199.998752,0,112.499397,87.499355,243.748532,1256.240677,0.000287
0.048987,0.268279,0.043063,0.670425,30.811385,18.74992,318.747618,12.499937,112.499169,174.998592,356.247122,1387.484254,0.000526
0.0496,0.059502,0.126653,0.000644,25.459095,37.499513,443.744677,12.499763,256.246936,168.747997,562.493259,6337.420388,0.000968
0.049992,0.347202,0.15149,0.055592,10.285439,187.499484,1074.997228,49.999898,418.748944,568.748466,1449.996231,7881.230621,0.001529
0.051616,0.574256,0.055978,0.765331,24.878852,6.249946,106.24924,0,49.999669,56.249572,143.749018,1124.991708,0.000137
0.051976,0.05844,0.666351,0.024432,15.402322,24.999989,387.499905,43.749987,162.499959,168.749964,468.74987,22618.74479,0.000126
0.053425,0.039762,0.031715,0.117935,25.261027,31.249318,324.993183,12.499075,181.246827,124.997405,412.490452,3037.426928,0.001285
0.054499,0.694435,0.09636,0.63475,19.563463,6.249952,193.749415,0,81.249804,112.499611,256.249137,1537.495163,0.000211
0.055498,0.301697,0,0,21.08038,12.499959,631.239109,12.499766,181.247803,431.241556,731.237107,1218.730001,0.005328
0.055715,0.143564,0.196735,0.225352,6.822439,81.249642,662.497757,18.749946,324.998904,312.498916,837.497078,4687.485725,0.00059
0.058893,0.40664,0.444432,0.415432,20.543796,18.749972,331.249461,24.999976,118.749768,174.999744,387.499353,4218.744037,0.000145
0.05979,0.228232,0.28744,0.03836,24.761267,43.749903,581.248644,18.749934,206.249489,337.499249,687.498331,6118.734791,0.000519
0.059847,0.231964,0.115357,0.128989,15.421183,18.749924,593.746338,12.499984,306.247596,268.748773,743.745134,3887.471983,0.00092
0.060882,0.224967,0.061352,0.058932,9.303873,106.248923,612.489428,37.499082,243.745427,312.49514,862.485847,4099.935579,0.002066
0.062359,0.559185,0.01231,0.131628,27.88102,6.249968,293.748875,0,131.249493,162.499381,331.248794,1406.244025,0.000542
0.062649,0.394032,0.096937,0.240226,29.005616,24.999954,331.247736,18.749922,156.248743,149.999076,393.747401,1799.987564,0.000485
0.063105,0.116149,0.05943,0.202758,11.13156,18.749919,324.99715,18.749837,181.248384,118.748961,443.746271,2118.732979,0.00079
0.064636,0.011961,0.080259,0.89427,19.358256,0,24.999903,6.249986,6.249942,12.499975,43.749649,1237.49377,3.60E-05
0.064674,0.377121,0.42521,0.085613,31.982931,6.249983,268.748768,6.249992,81.249528,181.249248,324.998312,2062.488993,0.00028
0.066129,0.816465,0.152928,0.216209,16.06619,49.999838,981.247069,37.499847,231.249336,699.997927,1181.24652,3687.489584,0.001018
0.06669,0.075195,6.00E-05,0.184854,11.661586,6.249917,112.497214,0,81.247581,31.249633,143.746425,518.728215,0.00072
0.067751,0.054874,0.03937,0.007518,16.87534,124.996304,893.730417,31.248947,568.738418,274.993264,1149.97505,6618.606047,0.004729
0.067814,0.17118,0.189513,0.239922,5.839335,112.499715,649.998131,31.249907,274.999093,312.499262,843.747719,4349.988708,0.000605
0.06839,0.070813,0.011792,0.118749,29.921687,81.248659,481.243132,12.499935,243.746269,206.247328,637.491048,4162.439419,0.001726
0.068967,0.060021,0.163951,0.438773,8.888572,12.499966,293.748495,12.499891,93.749642,174.998996,343.748254,2762.485802,0.00024
0.071309,0.242214,0.050195,0.03521,32.935427,12.499983,318.747915,0,106.249248,206.248671,399.997476,2031.237051,0.000624
0.072194,0.010162,0.747894,0.1487,9.753141,93.749967,724.999797,68.74998,262.499924,374.999896,899.999738,16987.49579,0.000197
0.072357,0.009746,0.392204,0.218283,33.56057,31.24988,124.999123,0,81.249375,37.49977,199.998848,8956.190737,0.000357
0.07299,0.231365,0.014083,0.054931,25.117297,24.999639,481.246981,6.249866,224.998434,249.99868,574.996206,1987.481684,0.001666
0.075476,0.006858,0.106349,0.184407,20.325836,18.749954,68.749678,0,31.249899,37.499779,112.499335,2931.222694,0.000149
0.07639,0.103286,0.41331,0.021492,5.946989,131.249921,418.749828,37.499991,168.749933,181.249913,618.749711,20593.73758,0.00025
0.07666,0.540022,0.931121,0.051155,21.840072,137.49997,1706.249464,87.499975,481.249859,1087.499641,2012.499382,16781.24458,0.000448
0.076866,0.628382,0.453323,0.267161,31.783895,24.999964,262.49923,12.499986,118.749708,131.249536,368.748801,1881.244174,0.000241
0.07879,0.241175,0.545976,0.23497,15.7012,56.249943,537.499638,62.499968,218.749861,237.499818,737.49949,8593.743275,0.000224
0.079519,0.265154,0.033359,0.003053,26.461737,12.499926,537.496495,6.249971,187.498771,337.497809,662.495744,2681.231678,0.001493
0.083456,0.049271,0.685103,0.220753,23.232265,18.749995,131.249875,18.749993,62.499975,37.499909,162.499831,6674.992234,5.10E-05
0.083766,0.370282,0.728382,0.048047,15.843134,174.999944,1249.99964,49.999991,374.999894,781.249769,1593.749542,21324.99399,0.000389
0.084298,0.024163,0.279113,0.370218,24.173705,12.499933,112.499619,12.499976,68.749775,24.999922,143.749569,3224.990393,9.30E-05
0.085103,0.209072,0.228599,0.532212,22.163934,24.99998,143.749435,0,74.999808,68.749627,237.499312,2356.24171,0.000147
0.085688,0.317375,0.200194,0.54298,20.774102,31.249894,231.248768,18.749855,149.999137,56.24978,343.748411,2137.487937,0.000216
0.087502,0.512901,0.098193,0.113357,33.165066,12.499963,231.248388,0,112.49904,118.749348,293.747974,1843.741687,0.000283
0.088026,0.573612,0.170898,0.45348,28.010238,6.249992,212.499387,0,93.749755,118.749632,262.499182,1999.991576,0.0002
0.090912,0.164104,0.143426,0.266589,29.774363,24.999906,393.747768,18.74986,168.749335,199.998631,499.997404,2956.232949,0.000574
0.091372,0.097159,0,0,11.530964,68.747549,512.475947,12.4997,281.23624,218.740006,649.971645,1018.703616,0.031387
0.093013,0.005152,0,0,15.939982,156.2476,399.990498,68.748083,243.744969,62.497975,606.236863,7074.865968,0.024677
0.094996,0.032,0.006148,0.008226,21.466957,156.248834,862.492527,37.499755,462.496532,337.496307,1156.239685,7968.676628,0.007665
0.095621,0.012946,0.685294,0.187112,5.325721,99.999953,906.249523,68.749964,312.499816,493.749756,1118.749423,14893.74216,0.000258
0.097211,0.018267,0.859388,0.043804,30.530701,6.249999,131.249812,6.249999,99.999853,24.999961,174.999785,7449.987973,8.90E-05
0.098675,0.217645,0.365229,0.337006,28.276287,37.499906,368.749048,6.249975,181.249538,174.999547,493.748793,2899.992049,0.000314
0.099055,0.119276,0.303309,0.294606,15.763272,18.749901,356.248988,18.749937,224.999434,106.24966,468.7485,4981.236365,0.000232
0.100946,0.252923,0.340994,0.063198,26.616345,24.999894,549.998659,37.499901,218.749576,287.499236,699.998244,5693.735897,0.000449
0.102412,0.082931,0.020554,0.500782,23.297288,43.748314,299.993901,0,168.746352,118.74773,387.491425,2131.200726,0.000591
0.103942,0.295857,0.01974,0.003023,24.648061,37.499772,793.746127,43.749763,212.498998,518.747485,943.745232,3018.734763,0.002226
0.104283,0.03564,0.700449,0.013388,7.58946,74.99997,268.749918,43.749988,118.749962,99.99997,374.999877,30437.48878,9.00E-05
0.106038,0.698065,0.389072,0.056831,22.486916,87.499893,1799.997871,49.999966,362.499526,1331.248433,1974.997655,8237.489659,0.000937
0.106143,0.290295,0,0,31.15653,68.749461,468.746097,12.499864,218.748058,224.998244,624.994693,2512.47566,0.000896
0.106516,0.573196,0.0786,0.091935,33.238924,18.749908,249.999183,18.749855,74.999709,149.999646,324.998955,2074.994119,0.000274
0.11003,0.541189,0.645919,0.10324,20.04269,62.499982,1237.49936,24.999977,349.999814,849.999572,1474.999266,11931.24389,0.000425
0.110358,0.122743,0.063635,0.255153,8.843705,24.999926,331.247826,18.749941,199.998844,106.249059,406.247149,1781.238196,0.000625
0.111797,0.656267,0.300555,0.263303,8.151343,56.249923,812.498914,37.499933,324.999597,418.749427,993.748698,5781.242276,0.000476
0.112324,0.679199,0.186685,0.705248,13.495154,12.499995,299.999222,31.249959,106.249649,162.499614,362.499076,2193.743935,0.000197
0.115459,0.011871,0.412199,0.219675,11.969206,62.499913,512.49951,62.499966,287.49969,149.999859,693.74927,8174.992247,0.000261
0.116658,0.106584,0.050367,0.8032,31.703959,49.999527,531.246159,56.249658,274.998066,181.24849,687.494988,3499.974682,0.000776
0.116675,0.319271,0.427934,0.173876,28.686449,18.74998,449.999089,37.499887,187.499713,218.749496,537.498845,3774.991434,0.000305
0.118295,0.663683,0.154443,0.083898,25.153035,49.999805,837.496935,24.999865,199.999116,599.997968,999.996261,3887.485923,0.000852
0.11916,0.267546,0.246021,0.27524,14.015936,62.49988,649.998847,24.999922,237.49963,368.749325,768.748633,4799.991442,0.000443
0.119262,0.22261,0,0,23.530423,143.74977,1231.247532,49.99996,381.249362,768.748275,1518.747018,3112.494359,0.005178
0.120392,0.018202,0.440064,0.060559,12.384211,112.499907,593.749534,106.249924,206.249822,262.499799,787.499368,15162.48877,0.000302
0.122972,0.595219,0.291347,0.699709,29.475886,18.749696,287.498691,24.999936,106.249491,149.999384,343.748401,2281.241243,0.000191
0.123227,0.353251,0.005334,0.269018,18.285426,37.499736,443.748259,12.499922,193.749217,224.999145,556.247741,1512.491521,0.001317
0.125628,0.096377,0.33879,0.324047,22.510913,6.249998,249.999431,6.249949,137.499737,106.249745,299.999368,4024.99038,0.000153
0.128143,0.3266,0.131175,0.688911,13.037114,0,224.999183,6.249918,137.499623,81.249642,274.999,1943.741545,0.000185
0.128527,0.010745,0,0,29.241296,493.749165,1199.99761,106.24988,631.24864,374.999339,1893.746323,21737.45129,0.004812
0.134683,0.065906,0.098186,0.096777,26.589996,106.249618,631.247297,37.499918,324.998415,237.499091,849.996542,6643.718991,0.001109
0.136103,0.150764,0.094848,0.082258,16.728732,106.249666,1043.740528,37.499874,437.496084,556.244604,1287.488647,5068.706647,0.001881
0.136439,0.538629,0.072873,0.366297,13.527386,43.749686,312.498263,12.499887,93.749646,193.748929,431.247641,1887.486193,0.000503
0.143604,0.018026,0.048919,0.108056,10.468595,43.749525,187.498052,6.249963,62.499406,106.248881,306.247054,2768.718523,0.000748
0.145113,0.050752,0.375897,0.548533,21.995013,6.24999,106.249774,12.499985,56.249942,31.249858,124.999741,3387.49115,5.30E-05
0.147016,0.083824,0.326215,0.640439,10.229953,24.999934,237.499697,31.249944,87.499887,118.749866,349.999546,3881.243954,0.000134
0.151365,0.024106,0.458794,0.145402,6.782602,81.249897,849.998892,87.499883,356.249555,387.499479,1024.998661,11493.73607,0.000352
0.15232,0.08162,0.265786,0.024205,30.946958,112.499601,568.747757,12.499977,299.998818,237.498995,743.747192,7212.465597,0.00064
0.155634,0.445728,0.101068,0.214294,7.341177,24.999798,499.995728,24.999709,199.998439,274.99758,662.494097,2581.225109,0.000789
0.161408,0.069782,0.017832,0.006942,21.993334,424.998246,1781.24182,118.749548,868.745929,699.996572,2331.239315,7849.96184,0.007026
0.162401,0.035868,0.216552,0.074316,28.878108,81.249745,499.998691,31.249986,287.499206,143.749667,631.24844,9299.978387,0.000551
0.162517,0.361852,0.333006,0.476256,31.116645,12.499976,418.748888,31.249915,174.999574,212.499399,462.498794,3212.491377,0.000278
0.164713,0.23968,0.505222,0.159094,30.997741,37.499919,543.748434,18.749924,281.249162,243.749348,718.748036,4562.487744,0.000404
0.165069,0.161919,0.113711,0.128693,32.981914,56.249696,587.498615,31.249927,224.999668,318.749032,762.497951,4862.486489,0.000677
0.166166,0.356776,0.025636,0.895976,25.793439,6.249996,274.998704,12.499977,137.499549,124.999178,349.99838,2024.99035,0.000289
0.166542,0.164689,0.386315,0.339892,23.305416,18.749938,387.498799,43.749782,181.249433,149.999608,443.748609,4331.238356,0.000199
0.167326,0.296494,0.105821,0.184917,6.72396,12.499946,543.746001,6.249987,274.997739,256.248307,643.745267,3056.227115,0.000772
0.167825,0.064066,0.168406,0.097967,25.820717,106.249751,699.998726,62.499833,343.749513,287.499392,918.748277,7143.737502,0.000838
0.169365,0.337892,0.350245,0.019279,19.487282,324.999755,2206.248308,118.749906,674.999535,1374.998892,2874.997778,13349.99001,0.001457
0.172405,0.193746,0.099802,0.011031,6.904873,206.24871,737.495617,49.999701,306.247896,362.49803,1024.993836,11799.93354,0.001782
0.175815,0.026256,0.868172,0.009904,9.783314,24.999999,218.74995,18.749997,56.249982,143.749972,299.999939,37231.24121,5.90E-05
0.179229,0.127003,0.041728,0.388794,15.231353,12.49987,249.998345,12.49976,143.749183,93.749402,324.997748,1506.239448,0.000464
0.181702,0.039509,0.000325,0.004237,11.302773,243.746004,731.238172,74.998633,262.495521,343.744645,1018.733388,2437.46263,0.027379
0.18317,0.227077,0,0,26.503024,168.749539,1606.245864,118.749701,631.248421,843.74779,1956.245071,4568.739309,0.00329
0.185729,0.183951,0.033774,0.019015,11.171476,212.497435,1112.485128,56.249233,449.993261,574.99296,1468.729759,4706.184471,0.006004
0.185957,0.192181,0.182066,0.056476,19.289033,243.749602,1587.496714,68.749819,624.998663,837.498351,2037.495823,8431.233365,0.001732
0.187175,0.331182,0.034299,0.051767,18.111413,237.498996,1806.243437,93.749734,581.247635,1087.496192,2268.741352,3774.985615,0.005267
0.19116,0.571697,0.570037,0.319729,32.227128,12.499986,462.499038,43.749923,156.249661,262.499454,531.248968,3499.99375,0.000247
0.191378,0.003697,0.296762,0.146567,28.812618,6.249995,56.24997,12.499977,18.749997,24.999996,68.749961,9143.738503,4.70E-05
0.192867,0.31063,0.426711,0.521045,10.515,12.5,443.749284,43.749935,156.249724,237.499626,524.999172,5118.74195,0.000169
0.193223,0.115186,0.459806,0.453518,15.395276,31.249968,306.249649,37.499982,124.999898,137.499774,456.24951,5618.743728,0.000147
0.19324,0.489605,0.075224,0.014374,12.309506,449.998526,2243.743271,87.499723,681.248153,1318.745934,2887.491372,7762.477299,0.005752
0.194499,0.124192,0,0,9.724279,212.496279,712.486799,37.499563,349.993655,281.24449,993.732264,1093.732555,0.035246
0.195529,0.13066,0.23942,0.012323,13.253707,312.49937,1649.997001,131.249783,631.248712,793.748658,2062.496147,16831.22019,0.001471
0.1984,0.167018,0.067261,0.042468,30.868454,106.24957,943.746905,49.999851,349.998776,518.748321,1249.995982,6237.479559,0.001118
0.200405,0.521511,0.26062,0.563985,13.839055,6.24994,387.499228,24.999955,149.999793,206.24954,481.249012,3493.74327,0.000223
0.201435,0.036802,0.196924,0.114313,7.633806,43.74973,481.248468,37.499784,268.749249,168.749496,631.247936,6587.480995,0.000485
0.202347,0.310042,0.073588,0.684463,7.283146,0,143.749239,12.499966,74.99954,56.249734,168.749143,1481.241996,0.000145
0.204395,0.011108,0.014721,0.004652,11.378768,168.748827,437.496816,56.249516,268.747991,74.999559,681.24512,7487.447191,0.006613
0.206215,0.032035,0.369783,0.030935,29.712522,81.249822,543.749122,43.749898,281.249563,199.999685,687.498906,12143.7273,0.000426
0.208124,0.557559,0,0,12.094247,137.497044,1156.230865,24.999772,331.244519,749.987805,1331.227381,624.989225,0.019779
0.208669,0.143583,0.206249,0.23553,16.45555,56.249899,618.748497,43.749853,274.99934,293.749314,756.248288,4868.73969,0.000508
0.213609,0.083198,0,0,14.592776,412.497996,1574.991782,93.749423,624.996543,787.496159,2237.488556,3187.483891,0.025015
0.214919,0.108818,0.169281,0.320427,30.693409,68.749845,656.24863,49.999896,287.499493,293.749296,843.748212,6099.985668,0.000606
0.21561,0.037942,0.172223,0.365289,28.142711,43.749914,306.249543,12.499995,174.999757,112.499808,387.499359,6462.488833,0.000282
0.217064,0.698471,0.043509,0.074177,26.046351,74.999821,1149.997612,43.749927,324.999321,749.998459,1368.747158,3531.242189,0.001291
0.217167,0.33314,0.362426,0.423766,20.822859,24.999981,512.499142,43.749967,199.999673,268.749502,618.748991,4537.492766,0.000253
0.221184,0.613272,0.056356,0.015688,17.357283,431.247673,3249.982225,99.999256,818.745374,2231.238094,4018.728268,5481.220821,0.0075
0.222012,0.508606,0.076702,0.267459,32.708724,24.999968,437.499273,24.999958,174.99973,231.249587,499.999166,3218.744203,0.000288
0.222229,0.549066,0.382941,0.185965,31.573642,37.499923,487.498952,49.999896,156.249635,274.999436,606.248666,3481.242565,0.000293
0.23123,0.612999,0.147216,0.13331,17.020965,187.499363,2356.243665,112.499795,693.748459,1481.245675,2756.242668,5118.736649,0.0024
0.236942,0.071944,0.030873,0.219684,17.724219,149.999561,581.247026,24.999787,318.748621,206.248718,806.246197,3218.734818,0.001431
0.237411,0.190903,0.030389,0.395868,11.747009,24.999798,268.747355,6.249959,149.998587,112.498809,356.246764,1443.734458,0.000566
0.242892,0.360418,0.326762,0.127804,29.136855,43.749937,756.24902,37.499982,331.249448,387.499589,943.748783,5481.240716,0.000483
0.24443,0.025232,0,0,33.192007,181.249781,606.249319,49.99996,331.249585,193.749826,974.998924,17968.73106,0.000738
0.244713,0.016184,0.628282,0.085777,26.88612,0,181.249767,24.99997,68.749894,87.499902,212.499725,10637.48317,7.80E-05
0.248256,0.733771,0.006574,0.355303,24.060352,31.249911,749.998369,37.499833,268.74944,437.499098,918.747991,2918.743585,0.000875
0.250045,0.203477,0,0,23.794041,493.74888,2781.243068,212.499471,1099.99706,1343.746775,3549.991251,6574.983843,0.006378
0.250564,0.549269,0,0,29.452647,18.749888,806.247475,37.49995,249.999373,512.498175,1006.246867,3649.98949,0.00077
0.25166,0.12864,0.313688,0.131525,31.831141,99.999803,812.498208,43.749857,356.249249,387.499163,987.497851,7881.232921,0.000571
0.251733,0.422063,0.221028,0.026478,7.497381,374.999195,1381.247292,112.499775,474.999131,693.748635,1837.496393,12737.4751,0.001374
0.257389,0.553831,0.197642,0.071167,24.593684,131.2499,1918.7476,112.499846,518.749364,1231.248425,2237.497248,6793.741139,0.001405
0.259276,0.113754,0.658577,0.182299,7.592336,87.499971,824.999724,62.499978,312.499903,449.999844,1068.749651,13781.24507,0.000257
0.262508,0.436026,0.012062,0.810766,29.289257,43.74984,624.998175,37.499867,206.249244,381.249064,737.497787,3131.240001,0.000454
0.264917,0.007832,0.158221,0.09328,8.135285,106.249681,724.997596,37.499826,387.498807,268.748994,968.746107,6574.966675,0.000921
0.26516,0.041029,0.261311,0.135247,26.738716,37.499971,506.249078,49.999921,324.999399,118.749769,606.248913,9387.484761,0.000363
0.265611,0.454097,0.005669,0.023719,21.207497,299.999219,2768.742233,137.499662,812.497806,1731.244966,3368.740365,3943.738861,0.006712
0.265812,0.722899,0.519506,0.362576,18.540871,37.499961,881.249122,81.249915,306.249712,487.499496,1068.748968,6862.493899,0.000318
0.279131,0.00187,0.059676,0.260962,5.125764,31.249856,287.498524,6.249972,99.999307,174.999268,399.997945,1656.24119,0.000638
0.280798,0.22722,0.291685,0.074414,18.687428,212.499782,1762.497973,87.499896,618.749264,981.248895,2199.99746,10781.23776,0.001196
0.288566,0.637393,0.322843,0.482357,33.346631,12.499983,381.249255,12.499984,162.499678,199.999601,456.249097,3749.99305,0.000188
0.291956,0.27338,0.09351,0.022832,26.619009,287.499292,1918.746349,124.999812,774.998593,931.248116,2418.745082,8524.983222,0.001952
0.29613,0.116775,0.66697,0.237834,17.934919,18.749987,424.999713,49.999978,218.74986,149.999879,531.249643,9668.743794,0.000134
0.296707,0.012974,0.068502,0.678469,23.400332,18.749932,87.499772,12.499975,24.999916,37.499927,99.999748,3843.742143,7.50E-05
0.29924,0.591771,0.029341,0.556598,31.457246,31.249943,537.499048,43.749902,243.749598,231.24958,624.998983,3687.49386,0.000305
0.29937,0.063411,0.46667,0.2856,19.052094,24.999944,374.999623,49.99995,187.49985,131.249823,468.749494,7131.243671,0.00016
0.300242,0.131423,0.007523,0.075399,31.573467,174.99975,1331.247808,112.499827,549.999037,612.499014,1618.747288,9712.483711,0.001065
0.304964,0.551011,0.024499,0.320475,26.232435,62.499858,981.246939,74.99965,324.998951,556.248416,1143.746542,3893.73914,0.000853
0.305494,0.316749,0.021504,0.154879,28.111161,168.749772,1099.998598,81.249922,462.499364,524.999343,1418.748146,5581.242099,0.001057
0.306648,0.203194,0.316119,0.14943,23.474815,93.749857,1018.74847,68.749959,418.749427,512.499123,1249.998158,8137.488329,0.000605
0.307441,0.658068,0.176835,0.040545,25.098153,149.999866,2399.998164,106.24989,612.499526,1643.748778,2743.747931,7149.994988,0.001644
0.308024,0.040271,0.083927,0.1897,14.339459,37.499823,568.747357,18.749914,324.998229,218.749245,693.746894,4212.479187,0.000875
0.312502,0.126071,0.16524,0.516668,21.413676,43.749943,306.249392,18.749972,181.249627,106.249792,412.499187,3731.24194,0.000249
0.313042,0.619019,0.244051,0.260074,12.738397,99.999677,1349.996591,62.499875,424.998949,837.497855,1618.745873,5443.735543,0.0009
0.317042,0.288919,0.038392,0.359837,8.571914,31.249622,274.997966,12.499983,87.499448,162.498649,387.496806,1281.239653,0.000622
0.317953,0.376985,0.121706,0.308875,31.60171,49.99988,631.249153,49.99991,237.499703,331.249579,762.499002,5349.992745,0.000373
0.319151,0.116418,0.065614,0.06788,28.514857,199.999798,1693.747985,162.49978,718.749118,781.249128,2106.247524,11387.48606,0.001545
0.320739,0.29068,0,0,23.697423,506.249459,3206.246377,224.999786,1131.248876,1712.497911,4043.74548,6443.742419,0.005674
0.325333,0.318537,0.638197,0.102544,23.250508,149.999891,1112.499197,62.499952,374.999752,662.499504,1437.498973,12818.74122,0.000416
0.326117,0.529589,0.134726,0.032446,11.863592,618.74808,2768.74195,168.74945,943.747136,1549.995701,3624.989388,9093.724268,0.004069
0.32714,0.059953,0.627337,0.075038,9.127937,93.749965,643.74977,62.499972,281.249902,287.499907,806.24972,20006.24372,0.000211
0.328816,0.322157,0.220998,0.467931,26.54474,56.249841,581.248323,49.999911,224.999276,299.99914,724.997917,4887.488302,0.000351
0.32927,0.14847,0,0,17.642521,974.997768,3043.741458,199.999383,1112.496399,1537.495973,4368.738068,5943.733072,0.016279
0.334746,0.01342,0,0,5.322274,0,0,0,0,0,0,835.168405,0
0.338181,0.22779,0.288889,0.270752,8.126698,81.249843,749.997452,49.999746,281.249159,399.998561,924.996863,5824.981974,0.000452
0.34086,0.098907,0.442201,0.399475,9.93984,62.499961,581.24963,37.499984,262.499838,256.249823,731.249496,6318.7441,0.000237
0.34107,0.110258,0.053051,0.020556,21.637993,1018.749107,3487.497061,231.249825,1387.498706,1643.7487,4874.995763,12537.48909,0.006349
0.35039,0.463474,0.836122,0.054046,9.6335,143.749953,1243.749664,68.749981,368.749893,781.249798,1518.749576,26168.74271,0.000302
0.353072,0.343392,0.866719,0.025412,8.389787,162.499965,806.249817,43.74999,256.249949,487.499881,1024.999771,31993.74281,0.000198
0.357161,0.483359,0.825532,0.11324,10.511938,93.749976,1274.999697,56.249988,387.499917,799.999804,1512.499644,20599.99537,0.0003
0.358187,0.111239,0.039788,0.37096,17.019057,37.499716,487.496133,31.249952,281.247784,162.498589,643.745197,3281.226414,0.00078
0.358204,0.375224,0.086917,0.424825,19.68637,87.499861,787.498554,56.249936,324.999315,387.499321,1018.748136,3656.243413,0.000797
0.358615,0.195565,0.72138,0.020922,27.618696,124.999952,1124.9995,81.249966,443.749788,587.499755,1449.999325,14574.99398,0.000435
0.359763,0.017993,0.150936,0.745905,31.303553,12.499984,218.749822,18.749983,74.999939,118.749907,237.4998,9781.242659,0.000115
0.36324,0.568511,0,0,27.046041,124.999864,1918.748642,156.249889,474.99963,1249.999181,2262.4984,5818.745918,0.001654
0.363622,0.301981,0.326494,0.290758,7.489135,56.24995,799.998773,56.249918,337.499483,393.749395,968.748535,6149.990311,0.000422
0.36666,0.055587,0.038249,0.760999,25.546136,31.249874,218.749217,31.249856,74.999728,106.249661,281.248967,4668.736572,0.000182
0.366778,0.043819,0.102839,0.035677,10.238415,249.999325,931.247324,68.749735,443.748576,387.499086,1343.746026,9074.967664,0.002012
0.371147,0.203363,0.363329,0.402219,18.606154,37.499966,362.499429,12.499973,193.749677,156.249779,443.749333,5812.492514,0.00017
0.371623,0.346468,0.730054,0.213315,6.570116,137.499946,887.499607,49.99997,337.499849,468.749804,1106.249523,14543.7433,0.000238
0.373068,0.158197,0.019826,0.046754,7.230494,118.748398,718.73065,49.998693,287.493906,362.488316,918.727037,2487.430527,0.004824
0.374944,0.170809,0.640141,0.050124,19.367527,149.999949,1056.249649,43.749988,443.749845,537.499826,1331.249565,18974.99286,0.000366
0.376368,0.078481,0.207333,0.23792,12.35543,56.249942,593.7491,37.499967,274.999577,268.749562,818.748814,5118.741899,0.00053
0.378206,0.081711,0.223583,0.279758,13.167148,43.749898,674.998323,37.499888,306.249245,331.24919,812.497973,5374.986233,0.000479
0.396776,0.079644,0,0,13.32079,1043.745872,2174.991138,318.748132,593.747393,1068.746388,3412.486344,4474.982584,0.024853
0.399814,0.104419,0.125691,0.159314,20.608158,262.499644,1281.247762,87.499935,606.248908,556.248936,1712.497033,8368.736306,0.001378
0.400528,0.060283,0.421521,0.317799,20.851917,31.249943,287.499681,43.749947,162.499849,68.749911,381.249573,7068.742461,0.000135
0.408933,0.339256,0,0,20.994235,1037.498499,4831.243051,406.249396,1481.24779,2668.74626,6281.240979,6599.990648,0.010648
0.409572,0.460018,0.501067,0.497585,5.020122,43.749955,549.999371,31.24997,193.749764,312.499638,668.749199,6562.492653,0.000187
0.413654,0.453264,0.400382,0.379752,11.974592,43.749965,768.749201,68.749938,262.499713,424.999555,887.499101,6131.243058,0.000313
0.423541,0.06395,0,0,12.147864,849.994849,1668.738955,174.998718,637.495795,712.495238,2674.982319,4112.475656,0.029455
0.423984,0.062467,0.21663,0.522531,8.005312,31.249965,431.249374,18.74998,212.499733,193.749675,537.499171,3506.244627,0.000286
0.424554,0.121043,0.286738,0.093952,27.171448,249.999767,1231.248744,143.74989,468.74952,606.249337,1662.498308,13812.48557,0.000743
0.425948,0.09676,0,0,10.825754,581.245983,1462.490239,143.749185,474.99714,718.74482,2112.486021,2568.731591,0.029161
0.429492,0.184459,0.195101,0.19879,15.375996,106.249929,1143.748546,81.249959,481.249392,556.249204,1349.998364,6187.492087,0.000898
0.429866,0.218201,0.010979,0.074253,6.32902,31.248535,443.716124,31.248109,224.984564,174.984071,499.964301,1124.915725,0.003319
0.43088,0.026806,0.598664,0.030549,28.459193,56.249974,387.499751,12.49999,174.999872,193.749891,512.499674,18937.48865,0.000169
0.434393,0.115856,0.202128,0.056766,9.447964,231.24963,1331.247822,106.249874,581.24904,612.498959,1799.997003,10262.48323,0.001394
0.434581,0.280856,0.105664,0.759135,31.537673,68.749902,712.498991,37.499961,281.249607,368.749451,868.748757,5999.992074,0.000335
0.438993,0.289842,0.036244,0.739635,24.874409,24.999943,531.249017,49.999954,287.499413,187.499663,649.998842,4793.742395,0.000372
0.439557,0.112097,0.009241,0.047377,29.848431,449.999749,1731.24891,174.999868,693.749562,793.749539,2437.498494,16768.74009,0.001356
0.44153,0.3214,0.114847,0.376759,9.60619,62.499515,537.496576,12.499918,206.248579,299.998238,681.245499,2899.981936,0.000596
0.442542,0.349339,0.36162,0.50564,20.874509,31.24999,387.499558,43.749971,162.499809,181.249778,493.749462,5443.744217,0.000176
0.444156,0.519209,0,0,18.080757,787.497812,4374.987896,262.499193,1206.246655,2706.242725,5512.484802,4249.988195,0.011997
0.445943,0.308249,0.303277,0.137367,27.172522,118.749927,1474.998969,99.999913,543.749507,806.249553,1806.248761,9343.744102,0.000727
0.448351,0.01483,0.246359,0.316754,14.068047,24.999991,412.499392,37.499955,212.499644,156.249794,512.499312,5256.242604,0.000271
0.449398,0.149537,0,0,6.592992,287.480105,643.685807,49.992985,393.714203,156.232436,1043.656322,1218.638989,0.073956
0.454168,0.214233,0.100438,0.377196,10.749211,49.999895,412.498768,24.999856,149.999604,231.249314,568.748331,2587.49358,0.000534
0.454614,0.149939,0,0,30.093951,412.499776,2531.248517,293.749821,924.999483,1224.999288,3256.248147,15774.99104,0.00167
0.455715,0.20565,0.067965,0.406928,23.057965,237.499736,918.748831,99.999901,324.999479,443.749473,1256.24844,5787.491452,0.000849
0.458139,0.534368,0.152058,0.772701,8.580417,6.249946,306.249243,18.749973,118.749793,168.749477,368.749033,2618.743417,0.00021
0.474051,0.070445,0.017736,0.093717,15.364197,512.498674,1762.495371,174.999547,749.99793,774.997992,2499.993301,6237.483245,0.006159
0.479499,0.372244,0.01503,0.011022,17.656787,1093.748428,4812.493272,368.749403,1424.99806,2774.996133,6343.741118,6062.491015,0.012156
0.480054,0.480493,0.605776,0.153193,10.107474,124.999924,1168.749396,62.499973,381.249809,706.249625,1449.999239,14149.99281,0.000379
0.484048,0.254779,0.020466,0.11965,17.52681,574.998807,2618.744277,187.499518,931.248087,1362.497031,3418.742518,5406.238215,0.00573
0.49132,0.058717,0.096506,0.67526,32.820982,81.249955,574.99962,74.999956,231.249832,262.499838,743.749504,13593.73812,0.000265
0.500032,0.201656,0.123396,0.34481,6.044712,6.25,443.748249,24.999883,193.749472,224.998894,512.498108,2406.239867,0.000459
0.500597,0.46613,0.501723,0.042541,14.805914,362.49973,2574.998093,199.999869,681.2495,1599.998793,3187.497639,19268.73617,0.001034
0.502213,0.172494,0.084835,0.358042,16.082966,99.999823,868.748586,43.749983,462.49913,349.999475,1118.748044,4268.741316,0.001001
0.504711,0.355053,0.019518,0.730613,25.037076,31.249972,643.749125,74.999856,262.499654,299.999623,806.248942,5268.743423,0.000431
0.50594,0.085739,0.221656,0.108502,24.257421,256.249817,1624.998852,131.249871,762.499538,699.999452,2024.998572,14806.24047,0.001004
0.507306,0.058837,0,0,31.421429,587.499822,2037.499381,187.499946,849.999744,918.749718,2849.999129,29599.9915,0.001229
0.525551,0.013066,0.274071,0.093512,30.838292,74.999976,481.249845,49.999986,174.999949,237.499917,599.999806,24856.24204,0.000219
0.529245,0.204848,0.230585,0.216465,7.858079,99.99978,687.498756,31.249924,299.999482,331.249439,887.4984,5962.490737,0.000537
0.531047,0.041865,0.042801,0.002455,33.614969,181.249964,943.749762,118.749973,318.749925,493.749865,1268.749676,24031.24338,0.000423
0.536802,0.343996,0.030434,0.014155,17.153735,1393.748679,4681.245656,343.74966,1412.498675,2656.24757,6449.993991,7462.493139,0.010957
0.544738,0.104397,0.066557,0.204988,25.055832,262.499832,1893.748842,143.749922,849.999471,856.249475,2362.498555,12874.99262,0.001413
0.544949,0.191901,0.060699,0.765952,16.101689,12.499993,274.999299,24.999944,131.249686,118.749669,431.248962,2756.24374,0.000307
0.545866,0.016335,0,0,20.996052,5212.49817,5249.998106,956.249678,1249.999572,1818.749319,10949.99616,42262.48508,0.020804
0.54716,0.304301,0.036296,0.573348,23.439037,93.749886,812.498968,62.499974,349.999612,381.249442,1106.248456,5699.991461,0.000647
0.548061,0.046031,0.404496,0.053659,6.226595,181.249843,549.999357,37.499979,256.249733,231.249685,881.249085,16237.48403,0.000354
0.548062,0.139976,0.135296,0.705551,29.123824,62.499914,493.749514,49.999958,193.749775,237.499795,656.249319,8056.241224,0.00024
0.552635,0.148682,0.292217,0.04311,28.412573,331.249842,1731.249088,137.499931,574.999668,974.999512,2231.248862,17343.74159,0.000809
0.553486,0.380288,0.084391,0.498443,14.792572,93.749802,799.997555,87.499699,287.499085,399.99883,1012.49705,3199.991398,0.000821
0.55681,0.322608,0.094826,0.698395,15.419369,37.499959,356.249353,12.49997,187.499718,149.99967,518.749097,2862.494386,0.000345
0.561339,0.060972,0.495135,0.298687,18.99495,49.999943,399.999475,62.49996,199.999728,124.999812,518.749328,9124.988057,0.000155
0.56846,0.122978,0.865098,0.026239,6.31799,93.749988,487.499929,62.499993,181.249966,224.999971,637.499905,31818.74506,0.000122
0.574023,0.239356,0.238008,0.021377,17.343291,1099.999259,4562.496737,474.999678,1324.99908,2518.748152,6068.74565,17981.23689,0.003599
0.574782,0.314568,0,0,27.56335,618.749806,3487.498687,256.24989,1174.999512,1931.249317,4462.498348,14124.99504,0.002299
0.580555,0.017251,0.445481,0.151206,5.172704,87.499913,712.499534,49.99994,318.749765,337.499844,899.999367,11193.74226,0.000315
0.589486,0.111562,0.551901,0.0267,29.386315,224.99984,1418.749342,118.749952,537.499774,693.749668,1774.999126,20924.99053,0.000502
0.589829,0.060062,0.283825,0.239008,17.982975,112.499865,637.499114,18.749973,318.74952,262.499675,856.248817,8356.239409,0.000387
0.592937,0.362461,0.340487,0.092086,21.460313,587.49965,3293.747701,274.999846,999.999224,1906.248707,4199.997178,14743.7402,0.001625
0.599841,0.390209,0.002146,0.001659,5.315588,43.749481,318.668485,31.248584,93.738627,181.181444,387.400807,1074.764603,0.017912
0.6,0.05,0,0,14,2162.497825,3074.996367,449.999426,799.999098,1331.24835,5331.244082,10206.23939,0.026875
0.6,0.05,0,0,19,3931.247836,6231.246473,931.249431,1712.499015,2768.748419,10537.494,23568.73628,0.019596
0.6,0.05,0,0,24,4781.24884,8212.498041,1268.749705,2543.749407,3449.999176,13687.49676,39493.74069,0.012355
0.6,0.05,0,0,29,2031.249693,4468.749323,706.249909,1581.249753,1874.999712,7012.498931,46731.24276,0.003389
0.6,0.05,0,0,32,549.999871,1999.999412,274.999938,737.499764,862.499752,2862.499201,35674.98965,0.001003
0.6,0.05,0,0,32.5,341.666583,1583.33297,216.666627,533.333207,741.666494,2099.999527,32166.65974,0.000694
0.6,0.05,0,0,33,224.99991,1199.999502,199.99992,374.999842,574.999762,1524.999378,25099.99046,0.000469
0.6,0.05,0,0,33.5,108.333303,599.999727,49.999967,274.999864,266.666565,808.332998,24608.32284,0.00024
0.6,0.05,0,0,34,94.999976,739.999823,94.999975,299.99992,334.999928,969.99977,21859.99422,0.000266
0.612163,0.171865,0.051627,0.259057,9.057619,62.49956,574.995063,24.999778,237.497871,293.747613,668.744444,2287.481511,0.001061
0.616065,0.161691,0.208634,0.303201,30.718013,124.999939,924.9995,68.749957,393.749814,443.749742,1193.749366,12937.49342,0.000366
0.627614,0.004974,0.160252,0.048786,31.844292,31.249991,224.999947,24.999997,93.749973,106.249976,281.249934,41618.74151,9.10E-05
0.630279,0.118234,0.37728,0.551044,11.655923,12.499982,368.749619,31.249977,174.999805,156.249844,462.499515,5237.494755,0.000158
0.6326,0.297724,0.06323,0.389007,15.624594,112.49977,1087.498317,93.749876,468.749066,499.999397,1381.247807,4343.742804,0.001254
0.655118,0.245363,0.059009,0.405386,8.839255,49.999727,431.248163,37.499841,174.999403,199.999074,556.247501,2006.241657,0.00067
0.660556,0.302272,0.39902,0.568063,25.081595,37.499988,493.749691,56.24997,149.999906,256.249826,612.499622,7418.745273,0.000173
0.666331,0.240924,0.373203,0.020989,17.594317,962.499652,3931.24852,374.999862,1106.249555,2224.999186,5256.248042,22387.49162,0.002107
0.670847,0.218884,0.303344,0.646492,13.659856,6.249983,399.999161,24.999955,187.499589,187.499617,512.498909,4762.488984,0.000194
0.681589,0.208078,0.037302,0.111926,23.689406,1093.74938,4831.247235,393.749801,1549.999002,2606.248578,6293.746307,15724.99041,0.003919
0.702771,0.070389,0.503438,0.372543,32.450423,93.749974,531.249884,68.74998,187.499956,262.499952,668.749842,18162.49532,0.00016
0.708725,0.126031,0.155352,0.068882,8.602152,306.249227,1306.246455,93.749644,468.748749,681.24819,1724.995466,9262.476094,0.001661
0.718502,0.04467,0.29583,0.594668,7.983347,56.249899,431.24903,31.249916,156.249591,231.249546,606.248624,4068.743529,0.000247
0.72234,0.064795,0.158095,0.329357,29.211612,87.499967,743.749704,81.249971,287.499871,337.499873,881.249636,16256.24386,0.000273
0.725544,0.122931,0,0,17.65988,2818.748501,6724.996449,668.749659,1912.499016,3587.498109,9943.744691,14031.24268,0.017648
0.734441,0.162732,0.618186,0.350123,11.436256,49.999968,662.499583,81.249929,256.24985,318.749807,831.249451,9431.243734,0.0002
0.734547,0.246594,0.015358,0.019784,23.279884,2006.249351,7737.497581,718.749786,2274.999307,4268.74863,10287.4967,18981.24385,0.00682
0.748988,0.081816,0.412443,0.153208,15.83904,106.249928,881.249468,99.99993,399.999785,368.749763,1131.249316,12187.49323,0.000399
0.751576,0.066683,0.387139,0.444844,11.853415,18.749985,587.499358,49.999963,249.999715,274.999694,674.999252,5912.493235,0.000234
0.76541,0.093038,0.05828,0.016624,29.07875,1241.66652,4766.666175,549.999945,1533.333189,2391.666412,6349.999319,38299.9957,0.002165
0.775445,0.178768,0.242206,0.401057,9.455223,49.999943,637.498784,62.499894,249.999597,318.749296,787.49852,4781.24232,0.000401
0.788178,0.190318,0.139657,0.127256,29.111537,281.249904,2099.999286,237.499913,706.24977,1106.249621,2656.249092,20887.49339,0.00078
0.79299,0.156858,0.461336,0.265179,30.783522,68.749972,781.249703,31.249984,337.499871,387.499858,943.749645,16299.99422,0.000213
0.795244,0.106936,0.510157,0.219872,17.914895,68.749968,874.999642,68.749971,374.99982,424.999852,1081.249527,12762.4942,0.000304
0.808762,0.027272,0.208812,0.12685,11.323654,218.749711,1224.99818,81.249894,606.24916,518.749155,1612.497667,9074.987067,0.001066
0.822783,0.130416,0.087635,0.496305,27.715897,112.499948,743.74974,68.749972,231.249914,418.749867,931.249667,13031.24455,0.000292
0.936328,0.045059,0.317717,0.411806,32.398034,74.999961,387.499881,49.999987,131.249954,206.24994,524.99982,24193.74157,0.000102
0.060045,0.236993,0.146601,0.071026,16.737465,99.999739,887.49734,24.999904,374.998859,474.998616,1049.9969,5562.483828,0.00116
0.118042,0.170492,0.386098,0.601086,14.07166,6.249998,212.499606,12.499987,74.999853,124.999765,268.749514,3843.74362,9.50E-05
0.216701,0.289684,0.087629,0.187979,8.538827,81.249431,499.997794,37.499804,206.248978,231.249137,706.246418,2887.483515,0.000964
0.161632,0.767232,0.424359,0.517007,5.667045,12.499996,581.249376,56.249943,218.749738,306.249695,662.49931,5487.494546,0.000212
0.098493,0.840353,0.384229,0.044848,32.764839,6.249982,224.9993,37.499929,81.249781,99.999608,249.999282,1718.745259,0.000157
0.171442,0.706413,0.240625,0.692544,23.586788,18.749945,287.49915,24.999963,87.499815,162.499424,343.749031,2612.493561,0.000167
0.01288,0.03745,0.70669,0.049309,27.63818,0,43.749935,0,31.249971,12.499965,68.749919,6124.990306,3.20E-05
0.220701,0.034941,0.13683,0.580559,12.305511,18.749974,212.499281,6.249997,99.999641,106.249643,293.749072,2406.24356,0.000205
0.354249,0.02206,0.148366,0.523424,14.772696,6.249925,268.749397,49.999919,93.7498,124.999678,337.499165,2993.741806,0.000224
0.266751,0.458001,0.053751,0.330214,29.25131,56.249721,581.248417,56.249873,193.74948,331.249065,724.997941,3906.238079,0.000466
0.227081,0.258985,0.143734,0.308715,11.811445,12.499942,631.247966,24.999912,331.248857,268.749213,743.747562,3399.989627,0.000614
0.051435,0.294266,0.640049,0.165962,29.653263,18.749943,274.999267,6.249973,124.999686,137.499649,324.999189,3093.743644,0.000174
0.440299,0.20487,0.516334,0.193698,19.506134,87.499961,768.749663,68.74997,281.249869,412.499829,1037.499554,10762.4953,0.000319
0.1294,0.480976,0.129496,0.215832,17.235668,93.74976,806.247802,24.999948,231.249416,524.998479,1024.997399,3312.492011,0.000984
0.048069,2.00E-05,0.002189,0.199132,31.697052,0,0,0,0,0,0,8956.13799,0
0.005274,0.501834,0.329879,0.518529,17.577785,6.249982,243.749443,6.249986,68.749869,168.749588,287.499319,3206.243212,0.000125
0.025564,0.502712,0.188508,0.177925,5.8096,49.999864,724.997857,62.499854,318.749019,337.499008,949.997244,5062.485213,0.000719
0.444892,0.243467,0.036181,0.08933,16.14579,518.748832,2781.244467,162.49964,931.248056,1587.496976,3568.742921,5168.739511,0.006294
0.667634,0.294076,0.138037,0.569632,11.401579,43.749956,374.999449,18.749966,181.249694,162.499796,493.749301,2968.745684,0.00032
0.286538,0.029968,0.302284,0.677862,11.748749,37.499963,343.749587,31.249972,162.499851,137.499771,431.249514,3381.244681,0.000171
0.093662,0.214847,0.080724,0.315763,16.068548,0,312.497313,24.999749,168.74867,118.748894,399.996014,1849.985775,0.00049
0.355716,0.245605,0.013197,0.161492,28.007092,193.749711,1349.998072,106.249933,506.24928,687.498973,1793.74752,7343.739354,0.00128
0.365939,0.293946,0.315264,0.048877,15.1872,381.24956,2324.997635,187.499838,749.999294,1281.248643,2993.746892,13899.98551,0.001513
0.138243,0.762822,0.726116,0.244219,6.418518,166.666588,849.999616,91.666637,266.666544,449.999791,1149.999488,13566.66065,0.000247
0.201216,0.03181,0.051167,0.048702,29.08922,168.749791,943.748781,56.249907,499.999404,349.999535,1243.748459,14081.23066,0.001451
0.384332,0.035501,0.609406,0.140865,12.35691,66.666625,524.999787,58.333305,233.333246,224.999908,716.666369,14224.99435,0.00019
0.074609,0.031065,0.004668,0.016219,8.870498,24.998533,206.228618,18.749043,81.240788,106.238787,262.473233,1549.653984,0.005777
0.034318,0.216804,0.280205,0.204533,18.229828,6.249989,387.499184,37.49991,124.999746,224.999529,449.999063,4756.239178,0.000264
0.320149,0.109801,0.031125,0.384647,24.407034,87.499505,512.498924,37.499932,299.999385,162.499627,787.497763,5749.984833,0.000709
0.007204,0.385739,0.443256,0.234627,13.459102,93.749932,599.99962,43.749986,212.499869,318.749789,774.999483,7474.99471,0.000279
0.071212,0.331521,0.079886,0.068865,31.686687,12.49993,262.49623,6.249841,124.998352,131.248037,337.49501,1643.729412,0.000468
0.070937,0.67897,0.083349,0.081033,23.793234,37.49991,712.497174,12.499984,168.749357,524.99784,843.74666,2993.738642,0.001099
0.17308,0.347564,0.381366,0.115229,12.425216,87.499871,1081.248379,87.499885,393.749447,593.749058,1324.998015,10799.98424,0.000559
0.05825,0.426345,0.111374,0.156502,33.535454,6.249992,168.749051,12.499987,56.249816,93.749256,212.498745,1362.492344,0.000265
0.00652,0.317987,0.65991,0.202864,15.682262,49.99996,618.749666,37.499978,249.999846,318.749849,743.749584,10949.99361,0.000193
0.170049,0.246549,0.006526,0.082684,31.011151,68.749638,637.495103,74.99928,312.497681,237.498158,818.743826,4137.472425,0.000834
0.311819,0.139481,0.130898,0.051707,15.57598,556.248043,1806.243819,124.999406,774.997607,806.247169,2462.49161,9506.218921,0.002636
0.654907,8.60E-05,0.488288,0.414637,20.875314,12.499994,218.749837,37.499972,106.249916,74.999949,249.999822,8349.992139,7.10E-05
0.111495,0.10667,0.025705,0.002148,31.351198,49.999855,687.495805,24.999718,374.997966,281.248141,856.245095,5043.721679,0.001367
0.105525,0.602015,0.770661,0.103173,25.050147,49.999952,849.999308,56.249948,262.499801,512.499561,1031.249142,8824.993185,0.000301
0.303717,0.470266,0.384672,0.289243,29.554184,81.249871,687.499094,43.749926,262.499717,368.749483,906.248739,5099.992234,0.000368
0.165269,0.293689,0.156888,0.113215,21.662901,93.749767,1081.244171,37.499837,381.248217,637.496183,1312.493063,5443.723094,0.001169
0.311433,0.347121,0.041605,0.187658,4.88888,37.499628,312.497968,6.249968,156.248949,143.749125,412.497084,1399.991053,0.000923
0.44669,0.551334,0.288898,0.221314,18.546136,231.249676,1862.497849,99.999888,487.499369,1212.498699,2324.997283,7443.740982,0.001069
0.038094,0.179295,0.023505,0.15891,13.291246,18.749966,206.240843,0,118.744844,87.495999,256.240334,1149.968693,0.000836
0.042102,0.066396,0.041278,0.723125,10.209717,0,87.499578,12.499978,31.249776,43.749823,106.249402,993.744462,0.000108
0.079121,0.561356,0.295834,0.669633,29.965506,6.249996,212.498924,12.499919,62.499781,137.499225,281.248697,1668.742196,0.000181
0.053855,0.32758,0.222331,0.197674,5.015898,68.749864,849.997682,81.24983,306.249188,424.998732,1043.747154,5293.736296,0.000673
0.062712,0.452561,0.014586,0.059773,21.632345,24.999807,556.242643,12.499936,149.998409,387.494316,643.741479,1537.482758,0.001986
0.073612,0.711425,0.164255,0.590892,7.920895,6.249993,412.499009,18.749942,187.499492,199.999582,481.248797,2643.743097,0.000298
0.021925,0.505299,0.000938,0.008698,2.256769,0,12.496382,0,6.247468,6.248914,18.745718,337.072729,0.001463
0.665321,0.050423,0.060435,0.083434,32.413679,224.999949,1149.999672,99.999962,399.999896,587.499846,1499.999567,28787.48978,0.000435
0.035299,0.544217,0.236566,0.097938,24.178676,49.99989,606.248183,31.249929,118.749632,443.748642,718.747819,3849.988152,0.000563
0.444214,0.33652,0.344115,0.119517,13.738882,249.99966,1699.997825,87.499866,618.749241,968.74873,2218.747141,10824.98655,0.000984
0.721311,0.11677,0.009815,0.427291,27.63612,124.999955,966.666309,91.666634,399.999842,458.33318,1324.999503,12999.99431,0.000517
0.2618,0.061715,0.173948,0.299883,6.061063,49.999891,681.247596,81.249768,224.999252,368.74859,837.497103,3124.989866,0.000612
0.27634,0.120827,0.579095,0.167064,31.020605,118.749907,831.249209,68.749963,331.249624,418.749627,1112.498885,8706.24179,0.000486
0.250031,0.016347,0.063743,0.010547,6.922764,31.249941,156.248649,6.249974,81.249126,68.74955,231.248269,10143.68494,0.000633
0.189909,0.269055,0.696378,0.28781,17.113631,33.3333,458.333138,41.666613,166.666611,233.333254,533.333037,9566.660954,0.000128
0.059605,0.071324,0.20294,0.029664,24.116473,68.74974,399.998005,12.499873,193.749173,156.249161,499.997507,6518.722499,0.00052
0.053661,0.025686,0.073577,0.082026,26.888097,43.749705,256.247175,6.249999,162.498364,68.748923,306.246853,4937.43971,0.000719
0.122524,0.101189,0.406876,0.225987,15.662708,12.499986,443.74944,43.749942,199.999733,193.749774,531.249328,6843.741826,0.00021
0.444175,0.28007,0.014257,0.012886,4.521961,62.483523,468.648637,37.484823,181.202145,231.212401,562.380076,2774.565437,0.005861
0.03413,0.774573,0.557742,0.120109,5.618416,74.999896,937.49924,112.499909,312.499788,512.499543,1237.49894,15012.48866,0.000355
0.098453,0.246941,0.201582,0.291171,8.403913,56.249836,656.248854,56.249909,268.749537,318.749428,856.248361,3862.493163,0.000564
0.296353,0.548475,0.248242,0.606564,13.897923,31.249957,374.999597,18.749948,137.499858,218.749791,456.249487,3418.745844,0.000211
0.088341,0.295436,0.098377,0.450953,25.791577,0,268.748303,0,143.748971,124.999332,318.747999,1799.988316,0.000327
0.002811,0.105833,0.473132,0.312239,9.679735,66.666617,616.665936,24.999973,258.33299,333.332973,758.33248,7841.657844,0.000242
0.405949,0.112351,0.217573,0.24773,4.135852,6.249974,718.748397,6.249955,337.499198,374.999245,818.748142,4874.988099,0.000517
0.208709,0.068493,0.007257,0.050837,15.017137,224.998534,1043.742588,93.749254,468.746749,424.997021,1368.740372,3693.727051,0.007509
0.382404,0.459644,0.024554,0.572375,3.090151,0,168.748723,0,49.999632,118.74909,199.998527,843.745095,0.000271
0.234257,0.18788,0.356673,0.365577,27.749558,12.499947,481.248707,24.999972,243.749415,212.49932,562.498485,4843.738401,0.000272
0.65872,0.037885,0.465263,0.203061,29.852769,68.749981,356.249841,43.749983,137.499947,162.499914,468.749803,17937.4936,0.000128
0.130949,0.060836,0.932287,0.059774,1.702139,99.999988,662.499866,87.499974,199.999963,337.499935,774.999844,29937.49415,0.000136
0.439524,0.156959,0.09422,0.019754,8.653551,412.498722,1143.746317,143.749502,362.49907,568.748003,1668.744878,9318.722011,0.002821
0.227993,0.762105,0.076647,0.106618,24.257844,137.499852,1587.497734,49.999944,424.999391,1087.49841,1887.497307,4487.493894,0.001674
0.178761,0.362643,0.448253,0.417996,27.013142,6.249948,381.248847,31.249885,168.749443,174.999571,431.248689,3806.239194,0.000184
0.052578,0.278917,0.226961,0.578469,33.378803,12.499841,237.496334,6.249945,62.498972,162.49752,293.7459,1437.481965,0.000411
0.317568,0.239524,0.023914,0.113449,27.397385,124.999863,1349.998477,81.24991,624.999297,624.999294,1768.748043,7431.241757,0.001462
0.040759,0.003384,0.118139,0.825928,7.832777,6.249979,243.749373,6.249992,124.999691,112.49969,268.749312,1693.745231,0.000172
0.501576,0.096087,0.320795,0.110161,17.839429,168.7499,1043.749353,106.249916,406.249772,512.499672,1349.99917,12343.74265,0.000616
0.019821,0.042854,0.074577,0.095684,19.943342,12.499957,131.247451,12.499654,62.499201,56.248596,156.246958,3056.195475,0.000337
0.337775,0.152278,0.101236,0.004509,9.213308,399.998657,1062.49706,93.749716,368.749017,493.748576,1543.745385,11868.71156,0.00259
0.205254,0.556853,0.315063,0.526509,26.159223,18.749975,393.749289,24.999945,168.749756,193.74961,493.749094,3268.743677,0.000225
0.012303,0.817844,0.483678,0.118014,18.71718,118.749859,1649.998319,62.499939,312.499663,1231.248757,1949.998045,9343.741572,0.000722
0.020658,0.133349,0.050241,0.583308,1.05953,0,149.999448,0,37.499924,112.499524,187.498975,1187.493707,0.000207
0.068737,0.638806,0.130887,0.110526,24.878303,37.499896,668.747991,6.249997,168.749348,468.748714,749.997733,2943.739361,0.000768
0.819924,0.025274,0.003244,0.048658,13.832287,1631.249543,2781.249113,324.999893,843.749715,1218.749632,4599.998582,13531.24569,0.013741
0.483676,0.228692,0.27762,0.276032,23.510852,118.749842,1049.998994,112.499904,362.499619,531.249558,1318.748781,8174.99099,0.00056
0.19289,0.045004,0.79914,0.02319,14.490517,62.499991,362.499943,12.499998,137.499985,212.499961,437.499925,25399.99374,0.000096
0.171558,0.1884,0.465258,0.057183,31.377496,68.749611,662.497096,24.999934,312.498578,318.748592,843.746224,5406.226368,0.00052
0.243243,0.048498,0.248827,0.208326,8.53957,43.749927,718.748822,37.499926,343.74948,318.749434,893.74853,5762.489367,0.000518
0.079407,0.006484,0.033896,0.18947,21.755186,12.499827,68.748063,12.499684,31.249154,18.749384,87.497956,3212.459395,0.000212
0.024373,0.38938,0.066642,0.028215,13.397628,74.999491,1068.743605,37.499714,337.497981,662.496134,1256.242673,5281.219258,0.002973
0.379241,0.508708,0.221573,0.057488,24.570013,337.499604,2749.997286,143.749838,781.249174,1756.248358,3437.496516,9037.491669,0.001793
0.655694,0.01048,0.055257,0.928634,32.864684,12.499992,62.499961,6.25,12.499997,37.499969,87.499948,16887.48998,0.000024
0.536948,0.213365,0.156948,0.007848,20.762064,1549.999432,5962.497766,487.49984,1881.249259,3312.498766,8081.24697,17606.24335,0.005602
0.231968,0.766192,0.052144,0.139948,33.805489,0,431.24901,24.999985,187.499642,218.749382,512.498701,2924.992143,0.000239
0.038427,0.053285,0.45884,0.257358,10.326978,56.249966,724.999508,62.499971,299.999803,349.999738,856.249422,8049.994106,0.000286
0.23167,0.195014,0.067174,0.071109,2.035636,43.749385,549.992488,12.499879,274.996154,249.99677,668.740955,4287.43981,0.001445
0.536015,0.152648,0.163467,0.071441,5.373475,137.49942,831.246543,43.749771,374.998627,387.498208,1074.995394,7837.466746,0.001022
0.390751,0.132643,0.452983,0.079405,23.357628,181.2499,931.249453,74.99996,368.749802,443.749717,1237.499301,13256.24266,0.000457
0.066721,0.231879,0.135422,0.347906,7.381158,49.999778,499.996435,31.249546,187.498632,256.248326,587.495826,2562.480545,0.000498
0.369305,0.629663,0.000666,0.11049,31.51636,31.249973,637.499265,49.999939,224.999737,362.499589,743.749163,4412.494185,0.000328
0.010149,0.125766,0.010126,0.002339,26.883405,6.249752,187.482344,0,62.494101,124.988243,212.480711,874.875038,0.001735
0.186892,0.108218,0.301186,0.13794,7.360713,93.749894,606.249179,62.499872,331.249593,193.749739,774.998989,8812.487464,0.000398
0.310729,0.237385,0.059955,0.000143,23.846758,674.999276,3468.746361,224.999815,1199.99872,1868.747948,4499.995064,9768.73924,0.004891
0.160652,0.298234,0.121786,0.074907,25.179609,74.999844,1062.496915,99.999718,381.248868,568.748344,1331.246091,4781.23535,0.001338
0.107776,0.376499,0.05267,0.009077,33.5222,12.499987,312.498868,31.249808,112.49957,162.499495,349.998693,2106.2403,0.000351
0.014434,0.058854,0.252961,0.589624,16.583308,0,112.499668,12.49997,56.249864,43.749834,149.999547,2193.744226,0.000078
0.137922,0.056697,0.028991,0.371459,28.359021,112.499616,562.496889,56.249683,274.998444,224.998768,787.495936,5218.720774,0.001066
0.002368,0.395499,0.305941,0.371966,30.050506,6.24995,87.496163,0,24.998854,56.247359,99.99507,1037.483482,0.000098
0.060601,0.129195,0.822674,0.013146,21.973301,24.999987,418.74979,49.999975,193.7499,168.749917,512.499742,18762.49039,0.000135
0.019764,0.196961,0.675921,0.160314,21.242627,31.249971,381.249724,62.499985,168.749887,143.749853,487.499637,8818.742872,0.000143
0.012857,0.049489,0.052298,0.05092,14.847384,0,187.497355,0,124.997972,62.499383,218.747166,3174.955659,0.000644
0.729278,0.091283,0.230469,0.117613,25.784713,349.999846,1866.665827,199.999905,666.666393,941.666221,2374.998904,21391.65731,0.000872
0.13262,0.593519,0.387599,0.119596,26.873802,24.999935,606.248343,31.249868,181.249397,381.249118,737.498022,4599.986908,0.000373
0.223375,0.680638,0.102734,0.086423,32.199466,31.249927,399.999176,43.749897,106.249771,243.749519,518.748963,3074.99345,0.000285
0.189701,0.435856,0.439108,0.50443,23.93781,12.499978,412.499013,43.749883,149.999629,212.499506,499.99892,3868.742042,0.000187
0.339735,0.429332,0.693421,0.003293,8.248913,162.499967,837.499828,43.749991,212.499964,556.249877,1012.499793,32531.24274,0.000247
0.400866,0.395284,0.018271,0.14298,25.001996,262.49973,2106.248138,112.499888,693.749384,1212.498952,2493.747779,6837.494285,0.00199
0.04855,0.100125,0.034073,0.092966,28.667234,12.499928,262.497616,12.499981,106.249027,137.498659,318.746777,2249.980462,0.000912
0.328666,0.138976,0.037084,0.002507,14.566577,1031.245409,2874.988411,256.249369,1074.995215,1356.244749,4112.483086,8112.468014,0.012159
0.002508,0.019029,0.12268,0.512863,3.680163,37.49977,337.498192,12.499942,112.499516,206.24875,449.997425,2212.489088,0.000351
0.007958,0.506332,0.005082,0.447019,15.979901,0,87.498879,6.249862,24.999512,56.249504,87.498879,687.492394,0.000177
0.534008,0.221619,0.523698,0.299388,20.497061,68.749957,631.249589,68.749947,256.249821,293.749825,818.749451,8668.743994,0.000234
0.318951,0.387152,0.011881,0.001954,20.071881,743.748256,4149.990816,256.249405,1206.247238,2499.994493,5156.238438,5581.237559,0.0101
0.003511,0.009513,0.087864,0.641423,7.756425,0,162.4994,0,68.749673,93.749727,187.499251,1562.493617,0.000158
0.120517,0.007022,0.614665,0.056555,9.933212,106.24997,593.749758,62.499985,231.249906,281.249869,774.999676,21037.49188,0.000211
0.740994,0.120583,0.255524,0.365705,27.533963,131.249958,737.499585,99.999955,206.249869,406.249761,931.249497,12681.24407,0.000281
0.646649,0.008433,0.554016,0.436891,4.633906,37.499983,599.999653,43.749979,181.249917,362.499759,718.749585,7656.245268,0.000187
0.38303,0.035045,0.100385,0.048799,13.027609,399.999278,1218.747551,74.999842,562.499033,493.74887,1781.246543,11662.48103,0.002445
0.371792,0.170449,0.33277,0.039548,23.711777,268.749741,1774.998013,99.999881,681.249259,931.248935,2343.747412,14887.48348,0.001089
0.000196,0.884618,0.258037,0.506891,31.207055,0,93.749577,0,31.249826,62.499751,112.499402,1087.494853,0.000093
0.076348,0.523749,0.434145,0.19657,0.9691,112.499864,724.999317,62.49991,299.999711,324.999727,906.249121,9281.241212,0.00032
0.000506,0.410933,0.321861,0.4517,2.26972,49.999883,537.499006,31.249943,181.249661,312.499438,687.498619,4756.240191,0.000283
0.392939,0.344577,0.290541,0.242433,17.500276,68.749957,1106.249078,68.749938,362.499651,649.999509,1356.248864,6568.744634,0.000645
0.210779,0.061444,0.830562,0.035898,10.089761,43.749989,462.4999,56.249985,168.749968,231.249947,581.249866,29674.99315,0.000118
0.503387,0.115816,0.321493,0.079252,7.030921,137.499857,912.499197,68.749926,462.499575,368.749703,1231.248931,11887.48934,0.000609
0.059577,0.027107,0.107465,0.351254,4.078274,37.499821,318.748288,18.749915,131.249225,168.749149,399.997805,2399.986096,0.000394
0.267759,0.566344,0.148905,0.218095,30.042325,49.99987,493.749057,24.999945,193.749598,268.749562,618.748806,4043.741224,0.000331
0.171611,0.391525,0.046025,0.530768,28.842603,49.99984,549.998253,43.749932,199.999513,299.998847,674.997886,2737.49226,0.000558
0.823876,0.110897,0.034571,0.093575,28.49294,849.999818,3249.999219,249.999965,924.999733,1924.999541,4499.998912,30999.99214,0.001501
0.019556,0.156134,0.003203,0.029314,5.586139,6.245497,56.221887,0,43.722831,12.499055,93.678597,624.468016,0.002008
0.065073,0.298991,0.173226,0.131615,26.62464,31.249573,381.246049,0,149.9985,212.497774,443.745189,2612.474173,0.000458
0.092492,0.313707,0.736953,0.022066,11.801207,143.749933,924.999703,106.249966,293.749927,481.249838,1143.749614,27443.7412,0.000266
0.253866,0.190907,0.180038,0.065443,31.707821,118.74978,943.748304,49.999893,393.749359,493.749059,1231.24782,6493.738068,0.000765
0.435817,0.157741,0.319231,0.427843,9.084367,49.999951,516.665969,33.333242,208.333139,274.999589,649.999077,4799.992461,0.000271
0.013064,0.006472,0.152203,0.3405,5.536248,0,349.997151,24.999679,74.999419,249.998053,374.997114,2574.982913,0.000293
0.302351,0.005848,0.504776,0.125992,13.594928,0,574.999722,49.999973,249.999868,274.99988,674.999665,13774.99313,0.000217
0.113025,0.233747,0.205686,0.161056,27.655321,49.999693,533.331128,24.999878,199.999313,291.665363,599.99746,3416.652291,0.000517
0.428479,0.275404,0.262127,0.078265,24.359615,299.999742,2462.49806,237.499807,837.499385,1337.498914,3024.997594,11937.49051,0.00145
0.216464,0.264079,0.110306,0.598694,4.676353,6.249984,162.499192,0,81.249468,81.249724,212.498969,1787.492358,0.000164
0.792157,0.06754,0.350023,0.025403,1.538616,137.499861,718.749236,56.249939,299.99972,331.249615,956.248974,19093.73045,0.000456
0.542926,0.116405,0.013302,0.115328,27.163909,424.999716,2549.998291,324.999778,974.999308,1133.332616,3274.99777,16399.98842,0.001889
0.017772,0.734339,0.080552,0.571343,17.930535,6.249993,181.249561,0,43.749897,137.499664,199.999488,1218.746379,0.00019
0.16394,0.157114,0.257149,0.277604,13.423667,24.999959,499.998682,49.999859,262.499335,181.249505,662.498181,4749.98575,0.000366
0.05155,0.033066,0.104647,0.372896,11.770609,0,237.499075,6.249993,93.749645,137.499438,281.248901,1874.992151,0.000282
0.437137,0.013298,0.015305,0.346746,32.714988,93.749952,281.249815,49.999966,99.999932,99.999928,406.249737,21187.48688,0.000175
0.452334,0.101285,0.481297,0.113682,9.409794,68.749951,868.749412,93.749956,368.749748,393.749713,1068.749273,13456.24113,0.000354
0.453162,0.221748,0.221646,0.07563,28.368048,206.249755,1349.998014,118.749823,606.249072,581.249154,1799.997464,11862.48378,0.000781
0.045138,0.198943,0.326971,0.056291,7.376858,118.749845,756.249149,43.74997,356.249528,337.499675,956.248812,13062.48437,0.000481
0.292184,0.541032,0.75785,0.17472,28.893281,43.749934,668.749123,12.499996,243.749699,406.249452,837.498919,6599.991833,0.000253
0.100637,0.375527,0.338743,0.226575,1.358047,62.499957,924.998859,74.999912,387.499471,449.99948,1174.998586,7031.241979,0.000513
0.689268,0.033406,0.007386,0.009279,18.471948,4237.498793,5887.498193,1062.499716,1212.499644,2662.499138,10424.99686,27562.49206,0.018646
0.071102,0.041835,0.301385,0.491784,18.061025,0,143.749704,6.24991,99.999812,37.499981,168.749665,3087.491747,0.000081
0.249626,0.444762,0.17569,0.588742,28.669488,43.749866,499.998963,31.249945,199.999611,256.249455,624.998735,3424.993444,0.000336
0.55298,0.074261,0.19466,0.268406,14.654573,93.749771,774.997073,37.499829,393.748533,318.748782,1006.246527,5474.983577,0.000627
0.097704,0.059981,0.345979,0.081171,10.054104,118.749882,556.249583,49.999954,281.249794,212.499839,781.249371,12031.24134,0.000368
0.376275,0.171058,0.008862,0.5073,30.615292,93.749851,712.499031,31.249976,224.999677,424.999427,881.248794,7299.991467,0.000457
0.40398,0.413755,0.562561,0.114428,4.95277,156.24991,831.249595,81.249969,331.249799,399.999828,1124.999428,15787.49227,0.00032
0.203021,0.318281,0.23134,0.166692,3.662709,124.9997,806.247988,56.24988,362.499039,368.749096,1099.997296,6393.735299,0.000698
0.209785,0.074552,0.001852,0.012421,24.589121,474.999332,2206.246347,174.999633,1081.248238,874.998534,2999.994936,10181.23132,0.006144
0.186759,0.804875,0.274032,0.100594,23.058721,206.24975,2049.997558,81.24991,499.999469,1412.498265,2481.24706,6274.992464,0.001359
0.573738,0.176364,0.04999,0.045554,20.818771,1543.74915,5537.496976,556.249746,1856.249041,2868.748323,7574.995841,13781.24287,0.007449
0.22051,0.121581,0.379148,0.056491,29.550856,112.499785,812.498404,49.999931,368.749317,362.499201,1006.248019,8424.983955,0.000562
0.102783,0.070565,0.002971,0.16445,13.524764,6.249972,212.483613,12.499945,143.738775,56.244893,231.230747,1087.449391,0.00109
0.005332,0.00117,0.258982,0.364593,18.833084,12.499963,62.499766,0,37.499856,18.749931,93.749667,2637.487776,0.000058
0.523683,0.157267,0.170458,0.317869,32.67164,106.249907,987.499275,74.999937,506.249638,368.749722,1193.749097,11631.24073,0.000388
0.802491,0.032006,0.112723,0.107383,10.44799,212.499668,1131.248085,99.999801,474.999115,518.749199,1481.247411,6787.4864,0.001683
0.370695,0.415428,0.719675,0.200453,21.174969,81.249963,1306.249291,93.749962,381.249774,806.249562,1456.249199,11449.9938,0.000349
0.066123,0.081153,0.348273,0.16265,28.088486,31.249854,399.998196,31.249892,212.498846,156.249458,512.497673,3712.480331,0.000398
0.210921,0.050279,0.019762,0.05941,24.693637,362.499239,1518.746486,112.499824,662.498391,656.248476,2037.495389,10231.22572,0.0035
0.667473,0.302923,0.512092,0.039275,22.139732,624.999722,3562.498407,262.499907,1024.999499,2124.999047,4349.998043,21612.49014,0.001269
0.029752,0.591437,0.052608,0.05544,27.11147,6.249967,199.998077,0,43.749827,156.248249,212.498023,1506.233552,0.000368
0.114747,0.148737,0.130269,0.014555,16.877158,356.24943,1643.746876,81.24991,674.998767,799.998289,2181.245808,10312.47865,0.002819
0.196233,0.160937,0.368571,0.328063,22.547976,12.499991,381.249045,43.749908,168.749543,168.749594,481.248807,4831.238112,0.000215
0.279163,0.004881,0.271699,0.586974,33.829433,31.249976,124.999913,24.999985,56.249959,24.999991,187.49988,17881.23377,0.000113
0.372022,0.076975,0.284917,0.074248,9.184286,168.749906,1131.24911,99.999916,512.499585,468.749641,1418.748885,11799.99047,0.000794
0.415765,0.441935,0.48158,0.101523,7.946408,224.999902,1287.499417,112.499936,537.499784,593.749716,1637.499225,14887.49298,0.000544
0.103912,0.014374,0.014844,0.084526,27.246153,137.498385,449.99603,12.499989,262.497824,156.248537,656.244088,9224.925433,0.001765
0.157124,0.061045,0.390839,0.549907,4.485979,43.749953,418.749365,24.999947,162.499781,231.249637,562.499164,5049.992476,0.00019
0.066708,0.119894,0.018073,0.386486,32.813017,31.24987,337.497617,6.249983,137.498988,193.748646,443.747053,2606.230853,0.000862
0.135306,0.810194,0.303058,0.184779,28.583722,18.749949,368.749405,31.249976,106.249834,212.499645,418.749368,3343.744179,0.00023
0.041033,0.193789,0.047532,0.007498,21.301274,43.749279,768.735643,31.249404,293.744289,431.242396,943.732954,4799.912764,0.003028
0.308202,0.007743,0.365757,0.031279,27.197234,18.749992,93.749923,6.249995,56.249944,31.249984,131.249906,16237.48491,0.000065
0.078879,0.690607,0.046259,0.130893,4.094129,12.499638,293.743411,6.249767,112.4978,168.746178,362.492274,1868.723457,0.000893
0.572339,0.293053,0.072881,0.755858,28.878493,74.99994,662.499463,49.999949,256.249798,318.749742,793.74936,7018.74414,0.000286
0.115555,0.013545,0.550531,0.255267,33.039849,49.999873,181.249316,24.999861,99.999615,49.999844,281.24904,9156.225358,0.000288
0.071074,0.494745,0.305468,0.120617,19.557954,87.4999,1056.249106,24.999981,331.249725,668.749439,1218.748986,6431.244731,0.000686
0.051144,0.064854,0.25186,0.609955,17.924425,0,74.999738,0,56.24984,18.749898,99.999712,2187.49035,0.000053
0.544649,0.425114,0.161895,0.086374,12.867831,624.999446,2849.997284,212.499798,724.999346,1806.248226,3718.746484,8093.742366,0.003047
0.179027,0.244305,0.028953,0.437653,23.769245,31.24989,449.997614,24.999804,187.498888,231.248957,568.747071,2493.736926,0.000656
0.034472,0.032883,0.304398,0.046321,0.607435,149.999797,712.499151,43.749942,343.749603,274.999662,931.248917,14887.48259,0.000502
0.058028,0.126372,0.402356,0.087747,25.177235,24.999881,237.499602,0,137.499731,99.999871,337.499293,5299.985638,0.000195
0.087594,0.165911,0.012996,0.364235,26.22678,24.999779,424.989828,0,199.995921,224.993908,599.986732,1899.960823,0.00109
0.349921,0.374243,0.018366,0.373149,22.65374,149.999868,1087.498598,24.999978,549.999279,487.499362,1412.498138,4424.993826,0.00131
0.625218,0.000994,0.159712,0.463634,31.405865,0,16.666656,0,0,16.666656,24.999982,17033.32443,0.000008
0.71101,0.066582,0.014984,0.084022,12.511162,624.999041,2049.997043,199.999643,849.998822,874.998794,2849.995806,5849.991473,0.00825
0.041987,0.02077,0.281284,0.660482,33.018909,33.333217,158.329027,0,58.331897,91.663804,216.661346,3699.880916,0.000457
0.019649,0.058406,0.129724,0.865555,27.464142,0,124.996803,0,99.997548,24.999255,181.245967,949.978205,0.000197
0.303904,0.642746,0.152438,0.245462,19.889132,141.666382,1583.329693,66.666461,383.33234,1099.997637,1899.995751,4941.655408,0.001316
0.040463,0.726617,0.402203,0.010691,24.618439,62.499949,1374.998253,37.499964,324.999637,1012.498652,1674.99794,6687.490402,0.000883
0.092001,0.071369,0.761658,0.150382,9.588681,124.999928,599.999604,49.999962,249.999868,299.999774,824.999501,15924.99174,0.000177
0.064398,0.104341,0.557811,0.244543,14.719812,43.749983,393.749819,49.999972,168.749909,156.249942,531.24973,8768.745378,0.000155
0.329022,0.085325,0.893699,0.103492,23.931131,49.999989,441.66641,66.666623,266.666526,83.333263,599.999663,14508.32507,0.000137
0.622377,0.02671,0,0,21.551992,6024.999091,8149.99867,1362.499762,1599.999748,3412.499438,14612.49769,45137.49286,0.019065
0.72541,0.004203,0,0,22.201403,9049.999376,6137.499535,1024.999923,1037.499925,1462.499873,16362.49887,116987.4916,0.022292
0.608001,0.094585,0.059794,0.014479,26.234293,2143.749381,5868.748647,587.499852,2099.99953,2799.999347,8506.24789,29493.742472,0.004814
0.629533,0.087243,0.061459,0.012901,26.457857,1824.999424,5331.248228,774.999723,1862.499389,2337.499219,7618.747475,32037.489167,0.004119
0.639059,0.082552,0.061019,0.011868,26.548246,2293.749347,6162.498241,743.749795,2149.999422,2868.749145,8931.247473,34474.989905,0.00475
0.637473,0.079074,0.062323,0.011366,26.48399,2618.749377,6624.998433,868.749845,2212.499437,3074.999231,9662.497679,36574.991113,0.005212
0.641137,0.07351,0.05792,0.009178,26.454203,2606.249426,6281.248724,768.749867,2024.999607,2893.749363,9312.49804,36037.492299,0.005064
0.639913,0.07081,0.060006,0.009101,26.362228,2387.499424,5999.998572,712.499831,2093.749533,2774.999311,8931.247868,37243.741414,0.004911
0.64146,0.068322,0.059912,0.008627,26.340935,2612.499197,6293.748078,831.249778,2006.249359,2999.999097,9531.247087,37731.238188,0.005239
0.634924,0.06459,0.058584,0.007651,26.136902,2424.999505,6049.998627,762.499863,1868.749551,2924.999318,8887.498042,38999.991648,0.004994
0.643091,0.063422,0.059517,0.007676,26.279585,2912.49954,6924.998828,968.749847,2237.499629,3187.499445,10249.998319,40481.243229,0.005701
0.644945,0.060454,0.059427,0.007152,26.258257,3224.998977,7149.997561,937.499703,2181.249214,3362.498862,10924.996348,42093.735886,0.006108
0.640553,0.057801,0.05765,0.006507,26.090981,3124.999594,7493.749028,1049.999872,2437.499671,3424.99957,11124.998554,42487.494135,0.006406
0.641295,0.055467,0.056904,0.006088,26.046906,2949.999494,6418.748886,799.999884,1968.749641,3043.749473,9881.248294,42518.742569,0.005803
0.646685,0.052668,0.058369,0.005759,26.125919,3349.999229,6749.998478,1049.999769,2024.999527,3062.499311,10512.497618,45024.988711,0.005939
0.643921,0.051205,0.05596,0.005385,25.998981,3199.999227,7056.248243,993.749751,2187.499468,3324.999165,10781.247367,43837.489647,0.006386
0.647721,0.048609,0.057725,0.00509,26.059818,3056.249353,6768.748632,1056.24978,1924.999614,3218.749354,10431.247857,46131.240872,0.006128
0.645135,0.048274,0.055007,0.004901,25.954792,3393.749609,6843.749192,987.499889,2124.999741,3049.999637,10631.248748,46431.244603,0.006314
0.645801,0.046551,0.054285,0.004626,25.916523,3449.999687,7174.999244,1124.999853,2049.999795,3399.999652,11124.998882,47349.995087,0.006659
0.645801,0.046551,0.054285,0.004626,25.916523,3349.999219,6774.998324,933.333098,1958.332822,3258.332555,10658.330727,47066.655081,0.006375
0.648135,0.044127,0.055876,0.004381,25.950411,3593.749274,6387.498718,1068.749791,2012.499605,2699.999454,10568.747877,50024.989636,0.006311
0.647912,0.042253,0.052643,0.003978,25.848841,3581.249208,6924.998576,1012.499816,2106.249564,3031.249361,10912.497681,49768.738863,0.006565
0.64864,0.040738,0.051796,0.003749,25.816378,3091.66628,6099.999286,891.666553,1899.999789,2716.666355,9658.332215,49441.661166,0.005808
0.648612,0.040769,0.051767,0.00375,25.819761,3156.249466,5887.498995,849.99986,1906.249644,2556.249594,9549.998393,50081.24232,0.005742
0.648636,0.04061,0.051701,0.003728,25.812893,3893.749205,7106.248547,1006.249818,2268.749518,3074.999378,11449.997652,51149.99002,0.006958
0.649739,0.038957,0.050724,0.00349,25.787682,3924.999327,7112.498662,943.749833,2237.499548,3249.999402,11412.497914,51499.989826,0.006949
0.649991,0.038517,0.052909,0.00352,25.825998,3118.749559,6624.999124,1006.249872,1962.499736,3087.499606,10149.998645,50343.743582,0.006094
0.650828,0.037559,0.049624,0.00328,25.759346,4256.249226,7156.24874,1156.249802,2031.249647,3237.49941,11899.997876,54593.740211,0.007305
0.652591,0.035734,0.04818,0.003018,25.734713,4406.249361,7399.998881,1206.249812,2237.499657,3081.24954,12331.24817,55381.241454,0.007616
0.654447,0.033829,0.046661,0.002759,25.705046,3974.998612,7012.497646,1074.999635,2068.749357,3068.748945,11506.246042,56468.730123,0.007124
0.655455,0.032523,0.045591,0.002586,25.680086,4812.4991,7243.74873,1143.749789,2012.499631,3156.249466,12799.99768,59006.238731,0.007992
0.657754,0.030421,0.043642,0.002315,25.649893,4206.249391,7156.24902,1131.249853,1993.749742,3131.249562,11712.498367,58787.492114,0.007323
0.655153,0.031199,0.046279,0.002454,25.664101,4356.249181,7468.748573,1293.749729,2062.499596,3274.999405,12531.247625,59724.98857,0.007836
0.65977,0.027882,0.041622,0.002014,25.602552,4599.999363,7049.999132,1037.499867,2224.999768,2868.749635,12087.498447,62356.242369,0.007725
0.657014,0.028671,0.04429,0.002149,25.614439,4493.749105,7081.248475,1193.749746,1968.74958,2999.999343,12156.247469,62993.736019,0.007693
0.662189,0.02514,0.039228,0.001711,25.556046,4424.999213,6874.998777,1049.999818,2424.999568,2524.999559,11649.997936,65724.988283,0.007573
0.663487,0.023893,0.037911,0.001575,25.534214,4624.998752,7074.998126,1074.999756,2224.999349,2799.99927,12174.996753,67574.98068,0.007986
0.660638,0.02652,0.041956,0.001903,25.601482,4943.749197,7943.748659,1406.24977,2124.999651,3374.999415,13381.24779,65368.739452,0.008581
0.661232,0.02581,0.041382,0.001831,25.586355,4449.999052,7287.498419,1137.499743,2056.249552,3037.499361,12268.747349,63599.9861,0.007833
0.664115,0.023955,0.041308,0.001823,25.584858,4812.499283,7343.74898,1237.499813,2062.499709,2924.999612,12606.248196,67662.489848,0.008134
0.662425,0.025146,0.04125,0.001798,25.593128,4549.999445,7349.999056,1243.749828,1993.749742,3112.499606,12343.748447,65718.742032,0.007938
0.662743,0.024941,0.041149,0.00178,25.591549,4031.249458,7118.749004,1412.499791,1937.499716,2856.249636,11606.248404,63574.991062,0.007398
0.66242,0.023297,0.039425,0.001574,25.526907,4981.249386,7299.999071,1268.749837,1968.749743,3024.999617,12849.998387,67568.741385,0.008421
0.662956,0.024417,0.040751,0.001723,25.577917,4999.999088,7524.998552,1249.999772,1856.249641,3268.749357,12868.747564,66399.987554,0.008288
0.668532,0.019422,0.034536,0.001199,25.481699,6081.249433,7562.49928,1356.249874,1862.499803,3037.499724,14031.248679,75912.492678,0.009437
0.664623,0.020641,0.03669,0.001297,25.472231,5362.499418,7487.499235,1212.49988,1949.999798,3056.249684,13199.998604,72399.992518,0.00878
0.710296,0.022646,0.036726,0.001391,25.508667,5343.749663,7681.249528,1318.749918,2043.749875,3062.499822,13443.749175,75487.495441,0.008373
0.67379,0.020929,0.037232,0.001343,25.515984,4856.249158,6987.498825,1362.499778,1874.999683,2724.999545,12274.997886,71262.487286,0.008038
0.674324,0.020658,0.036791,0.001315,25.506256,4943.749438,6412.499268,1093.749874,1787.499791,2518.749724,11893.748652,73349.991635,0.007809
0.671682,0.018834,0.03478,0.001073,25.399717,5562.49895,6612.49879,1318.749787,1706.249678,2312.499581,12568.747701,78649.985916,0.00858
0.672597,0.018177,0.034242,0.001014,25.380177,5287.499352,6793.749178,1418.749815,1937.49976,2481.249718,12868.748444,76774.990899,0.008782
0.673189,0.017694,0.033798,0.000974,25.363071,5187.499398,7012.499172,1312.499834,1868.749783,2724.999687,12643.748512,77918.741242,0.008711
0.675891,0.018841,0.035316,0.001127,25.455521,4849.999271,5849.999153,1199.99983,1824.999749,2099.999701,11649.998322,75149.989038,0.007686
0.676269,0.018744,0.035019,0.001118,25.448507,4899.999625,6724.999488,1133.333233,1749.999871,2574.999811,12058.332415,77358.327581,0.008051
0.726799,0.00384,0,0,22.19486,8074.999453,4924.999658,812.499945,924.99993,899.999939,13624.99905,131462.4908,0.020013
0.725277,0.004274,0,0,22.210646,8731.249449,5881.249608,1018.749935,1106.249928,1306.249909,15612.49901,117906.2425,0.021257